,chapter,paragraph,paraph_class,paraph_class_name,text,sentence_class,sentence_class_name
17,1,7,20,Social Classes and Customs,"On the roof of this little house directly before us, in which John ""makee washee, washee,"" we see squatted three coolies in the characteristic position of the lower classes, not only of China, but of many other Oriental countries.",0,Social Structures and Inequality
18,1,7,20,Social Classes and Customs,"If the classification of men were made on the same plan as that of birds by ornithologists, these fellows would be styled perchers; for, whether eating, smoking, resting, or in social confab, they are always in this couchant and ungraceful pose.",0,Social Structures and Inequality
59,2,9,20,Social Classes and Customs,"I do not now remember whether his back presentation was from choice or necessity, because sometimes the lower classes can be induced to present their backs to the camera when vast sums of money would not induce them to face that dire instrument of evil, believing that when their faces are photographed a part of their identity is forever lost to them, and this becomes a serious matter in their ancestral worship.",1,Culture and Traditions
93,4,4,20,Social Classes and Customs,Most travellers and tourists who come to Canton seldom spend more than two or three days in visiting the various places of interest.,1,Culture and Traditions
94,4,4,20,Social Classes and Customs,"There is so much that is repellent besides the exorbitant prices of poor hotels that a single day may satisfy the sightseer; naturally, therefore, there is a set number of places to be visited in a limited time, and one of these places is the flower-boats.",1,Culture and Traditions
95,4,5,20,Social Classes and Customs,"These boats cost from five hundred to a thousand dollars, and are generally owned by the men in charge of them.",0,Social Structures and Inequality
96,4,5,20,Social Classes and Customs,"At night these boats are illuminated brilliantly with lamps and lanterns, and patrons come and go by boats and along those projecting bows.",1,Culture and Traditions
97,4,5,20,Social Classes and Customs,"Then they are not safe places to visit unless accompanied by a guide; but during the day they are vacated except by the owners and their families whom we see engaged in their daily routine of putting their boats in order for another night's round of feasting, gambling and dissipation.",1,Culture and Traditions
98,4,5,20,Social Classes and Customs,"A little beyond, a dame with her back toward us is delivering the morning gossip to her neighbors on the next boat, while her liege by her side, with ""turned-up pantaloons,"" is on daily avocations bent.",1,Culture and Traditions
99,4,6,20,Social Classes and Customs,"Beyond the small house-boat two men in characteristic crouching pose are plainly watching the ""foreign devils"" and commenting thereon in a foul sarcasm only possible among Chinese.",1,Culture and Traditions
100,4,6,20,Social Classes and Customs,"With us ""Time is money,"" with the Chinese time is of little account, but space is money.",1,Culture and Traditions
107,4,10,20,Social Classes and Customs,"Notice now a short distance over in the city an object which in other countries would be taken for a flag-pole, with an arrangement resembling the cross trees on a ship's mast.",2,Urban Development and Architecture
108,4,10,20,Social Classes and Customs,"It marks the residence of a mandarin, and it is often a convenience when travelling in China to know just where the mandarin, in a town or village, lives.",0,Social Structures and Inequality
146,7,6,20,Social Classes and Customs,"Should we go down and enter one of those stores, the doorway would soon be blocked by men and boys (not women, because very few are seen on the streets) who would stop and glower at us as we might stop and gaze curiously at a wild man from some strange land.",0,Social Structures and Inequality
147,7,6,20,Social Classes and Customs,"The shopkeeper would not importune us to buy, neither would he attempt to repel the gaping crowd that fills his doorway; he would stare at us himself, smoke his pipe and keep his seat in statuesque stolidity and scornful indifference, as much as to say: ""Not dependent on the patronage of foreign-devils.'""",1,Culture and Traditions
260,13,2,20,Social Classes and Customs,"Here we have a perfect example of the stupid, sullen, gazing crowd that assembles instantly wherever a foreigner halts for a moment; and this is not peculiar to Canton, but to every part of the country.",1,Culture and Traditions
261,13,2,20,Social Classes and Customs,"We are standing on the English bridge with our back to the island, and this strong iron gate is a barrier to prevent the natives from entering the foreign settlement.",0,Social Structures and Inequality
262,13,2,20,Social Classes and Customs,"It is closed securely at night, and during the day is guarded closely by native police, who permit Europeans to enter the native city and duly authorized Chinese to enter the foreign quarters.",0,Social Structures and Inequality
263,13,2,20,Social Classes and Customs,"The street along which this crowd is passing faces the canal over which we stand, and runs parallel with the island of Shameen and the river.",2,Urban Development and Architecture
264,13,2,20,Social Classes and Customs,"I had, up to this moment, been photographing the busy scene on the canal from the bridge on which we stand; so the crowd in a twinkling surged up to the gate to view the operation.",1,Culture and Traditions
265,13,2,20,Social Classes and Customs,"Knowing that any appearance of deliberately making a picture of this gaping horde would scatter them precipitately beyond reach, I focus for the proper distance while the camera is aimed in another direction, swing instantly on the tripod, expose and return to the original position, without arousing their suspicion.",1,Culture and Traditions
266,13,2,20,Social Classes and Customs,"There are none of the upper class in this group; a few wear caps, indicating a position above the majority, who are bareheaded coolies; there are a few boys; but, as usual, no women.",0,Social Structures and Inequality
267,13,2,20,Social Classes and Customs,"We can see dimly, across the narrow street, a drug-shop with a modern lamp suspended from the ceiling, and shelves of bottles on two sides of the room which has its whole front thrown open to the street.",2,Urban Development and Architecture
268,13,2,20,Social Classes and Customs,"This shop is considerably patronized by the Europeans, and usually some one in it can be found who can speak a few words of English.",1,Culture and Traditions
269,13,2,20,Social Classes and Customs,"They advertise and issue pamphlets setting forth the cureall principles of their discoveries and preparations, and undoubtedly do a flourishing business in an empire where from fifty to seventy-five per cent. of the people are illiterate.",0,Social Structures and Inequality
273,13,5,20,Social Classes and Customs,"We are ready for a change of scene, however, and so will leave them behind the gate and stroll down the river to a place near the steamboat-landing called the ""Dying-place.""",1,Culture and Traditions
274,14,2,20,Social Classes and Customs,"Dying-places are ordinarily in homes or in hospitals, but this poor fellow has neither a home nor a hospital in which to die.",0,Social Structures and Inequality
275,14,2,20,Social Classes and Customs,We are here in a vacant space near the river a sort of a common littered with refuse and scavenged by starving dogs.,0,Social Structures and Inequality
276,14,2,20,Social Classes and Customs,"It has been named the Dyingplace, because poor, starving, miserable outcasts and homeless sick, homeless poor, homeless misery of every form come here to die.",0,Social Structures and Inequality
277,14,2,20,Social Classes and Customs,"The world scarcely can present a more sad and depressing spectacle than this field of suicides; I say suicides, because many that come here come to voluntarily give up the struggle for existence and to die by sheer will force through a slow starvation.",0,Social Structures and Inequality
278,14,2,20,Social Classes and Customs,They may be enfeebled by lingering disease; they may be unable to find employment; they may be professional vagrants; they come from different parts of the city and sometimes from the country round about.,0,Social Structures and Inequality
279,14,2,20,Social Classes and Customs,They are friendless; they are passed unnoticed by a poor and inadequate hospital service; they become utterly discouraged and hopeless and choose to die.,0,Social Structures and Inequality
280,14,2,20,Social Classes and Customs,"Their fellow natives pass and repass without noticing them or thought of bestowing aid or alms, and here it is not expected; they have passed beyond the pale of charity; it is the last ditch; they are here to die, not to receive alms, and no one thinks of bestowing them.",0,Social Structures and Inequality
281,14,2,20,Social Classes and Customs,The pitiable specimen before us is near the end-too near to heed the usually dreaded camera.,0,Social Structures and Inequality
282,14,2,20,Social Classes and Customs,"I attempted to catch a view of others, who, having a trifle more vitality left, crawled away on hands and knees.",0,Social Structures and Inequality
283,14,2,20,Social Classes and Customs,"His glassy, fixed gaze tells how soon his long, hard struggle will be over; how soon even the grimy rags that cover his nakedness will be unnecessary.",0,Social Structures and Inequality
284,14,2,20,Social Classes and Customs,"With a stone for his pillow, a sack for his garment, without food or friends, an uncoffined grave will soon be his; he has begged a fellow mortal for work, but it was refused him.",0,Social Structures and Inequality
285,14,2,20,Social Classes and Customs,Would that the vast numbers who squander extravagantly and needlessly unearned wealth could witness the innumerable instances like this-of existence so full of suffering that death is welcome.,0,Social Structures and Inequality
286,14,2,20,Social Classes and Customs,"This far-gone case of destitution and misery is not the only one in this last retreat of human agony; you see another in the distance, probably a new arrival, as he yet has strength to sit erect.",0,Social Structures and Inequality
287,14,2,20,Social Classes and Customs,I have been several times to this haunt of agony and have always found several sitting or lying in different parts of the ground.,0,Social Structures and Inequality
288,14,2,20,Social Classes and Customs,"When death ends their sufferings they often remain several days before the tardy authorities remove the body, and when removed it is borne to an unknown grave in the potter's field.",0,Social Structures and Inequality
289,14,2,20,Social Classes and Customs,"Go with me to the Shameen, to the home of a faithful missionary, and there we can see a different face, a countenance illuminated by Christian ""Nirvana,"" a Chinese Biblewoman.",1,Culture and Traditions
365,17,4,20,Social Classes and Customs,"I have alluded to the suitableness of Shanghai for a comparison between Chinese and European civilization; this comparison you could make better should I take you through the native city, for it is considered a typical Chinese city; but I am afraid you will have to judge in a measure from what you have seen of Canton and from what you will see later of other cities and be satisfied with this distant view of the native city.",1,Culture and Traditions
366,17,4,20,Social Classes and Customs,I entered it several times for the purpose or getting a representative view and as often returned in despair.,0,Social Structures and Inequality
367,17,4,20,Social Classes and Customs,There is no accessible point of elevation over the city for a panorama; there is no street with light and space enough to enable one to obtain a view.,2,Urban Development and Architecture
368,17,4,20,Social Classes and Customs,"It is a wilderness of low, one-story buildings with weather-blackened tile roofs, surrounded by five miles of old crenulated brick wall, and is supposed to contain about a million inhabitants.",2,Urban Development and Architecture
369,17,4,20,Social Classes and Customs,Within it is traversed by lanes or streets which might better be termed fetid tunnels seething with filth and teeming with miserable and vicious-looking humanity.,2,Urban Development and Architecture
370,17,4,20,Social Classes and Customs,"Odors are suffocating, and the eyes can find nothing attractive or beautiful to rest upon; squalor, indigence, misery, slush, stench, depravity, dilapidation, decay prevail everywhere.",0,Social Structures and Inequality
371,17,4,20,Social Classes and Customs,One almost fears to enter a place of so many repugnant scenes and hurries away after a brief glance.,0,Social Structures and Inequality
372,17,4,20,Social Classes and Customs,"The saying that distance lends enchantment"" will answer for the native city of Shanghai; therefore, you will, I hope, be satisfied to view the dim outline of it by those long, square structures near the white space far away and in line with that signal staff which bears the French flag and marks the beginning of the French quarter of the city.",2,Urban Development and Architecture
373,17,4,20,Social Classes and Customs,"In greatest possible contrast there lies directly before us a continuation of the Bund in the European city, where all is bustle and activity; the streets are broad, well macadamized and lined with beautiful trees.",2,Urban Development and Architecture
374,17,4,20,Social Classes and Customs,"The river before the native city is a chaos of junks and sampans; here, out in the stream are many fine coasting steamers from all ports of the Empire, and farther up you see lying at the wharf stately, modern steamers that ply on the Yang-tse or down the coast to Ningpo.",3,Globalization and Modernization
375,17,4,20,Social Classes and Customs,All the comforts and luxuries of Western life are to be found side by side with what I have mentioned within the walls of the native city.,3,Globalization and Modernization
376,17,4,20,Social Classes and Customs,"Yet stranger still is the fact that, though the Chinese note the contrast, they are, with few exceptions, happy in their own way.",1,Culture and Traditions
377,17,4,20,Social Classes and Customs,"They live in the present, guided by the past; with them the present and the past are wedded, and a divorcement of the two is wonderfully slow.",1,Culture and Traditions
378,17,4,20,Social Classes and Customs,"It will require every influence for a great period of time; it will require the missionary seconded by the locomotive and possibly by ""Krupps,"" and this for many generations.",3,Globalization and Modernization
379,17,4,20,Social Classes and Customs,"We can see the French settlement commencing at the signal-pole and continuing on to the wall of the native city, showing all the concomitants of Western progress.",2,Urban Development and Architecture
380,17,4,20,Social Classes and Customs,Just notice those jaunty wide-awake little steam launches by the landing-stages side by side with the sampans.,2,Urban Development and Architecture
381,17,4,20,Social Classes and Customs,There is a comparison by itself; you may notice at the same time that those sampans are quite dissimilar in model to those we saw in Canton.,1,Culture and Traditions
382,17,4,20,Social Classes and Customs,"In this direction we see again the promenade along which pedestrians stroll to enjoy the river breeze in hot summer weather; and the same street life, the ""rikishas,"" some scudding along with an occupant and others waiting in the shade of those trees; but here we also see the indispensable wheelbarrow doing transport service.",2,Urban Development and Architecture
383,17,4,20,Social Classes and Customs,Could you tell by those little docks or landing-steps that extend along the bank of the river as far as we can see that there is a tide at Shanghai?,2,Urban Development and Architecture
393,18,3,20,Social Classes and Customs,"There is one feature, however, about this street which gives more evidence of assimilation; it leads out to the most fashionable suburbs and to the race-course, and on Sundays and during the cool afternoon hours of weekdays it is filled with stylish modern vehicles, many of which are occupied and owned by wealthy Chinese, including the ""upper-ten-dom"" of Chinese ladies, elegantly attired, richly bejeweled and coiffured and painted.",0,Social Structures and Inequality
394,18,3,20,Social Classes and Customs,"That these Chinese drive out in European carriages, that they attend the races, are among the hopeful signs that there is a trifling infiltration of occidentalism.",3,Globalization and Modernization
406,19,3,20,Social Classes and Customs,"The tea-house is a national institution in China; they are found in every city and town and village, and even in country places by the wayside, where they consist often of a shed or a simple shelter of thatch or matting.",1,Culture and Traditions
407,19,3,20,Social Classes and Customs,"Comparisons may be odious, but in studying a people or a nation one is compelled to make them, and since reaching Shanghai most of the comparisons have been against the Chinaman; but in the matter of the respective national resorts, as the teahouse versus the beer-saloon, a comparison is scarcely admissible, because the frequenters of the tea-house are people of the highest respectability, and I cannot say so much in reference to patrons of the beer-saloon.",1,Culture and Traditions
408,19,4,20,Social Classes and Customs,"To see ourselves as others see us is a moral impossibility, and could we do so it would scarcely mend matters, as the ethical vision of the second person would probably be no better than that of the first;",0,Social Structures and Inequality
409,19,4,20,Social Classes and Customs,"but it is curious to reflect on what would be the impressions of a Chinese gentleman who should for a first time pass through an American city or a single street of an average American town and examine the character of our national resort, the beer-saloon-what they drink and how they act therein, the numerical relation between the bakery and the beer-shop;",1,Culture and Traditions
410,19,4,20,Social Classes and Customs,"He might at the same time see a frequenter of this national resort come staggering to the door and in drunken stupor and maudlin profanity point his finger of scorn at some poor humble, industrious tea-drinking Chinaman passing by.",0,Social Structures and Inequality
411,19,5,20,Social Classes and Customs,"First, though, note the native policeman in regulation garb; his feet, his arms and his head are all in a position that clearly betrays a consciousness of authority over his fellows about him.",0,Social Structures and Inequality
412,19,5,20,Social Classes and Customs,"Just at the right-hand side of that front we will enter and ascend to the room above, where we can see the interior of the Chinese national resort.",1,Culture and Traditions
437,20,5,20,Social Classes and Customs,"I smiled at his many generous draughts; but when leaving the place I learned that although his face was thin, there was no lack of “ cheek""; the several cups were all charged to me.",0,Social Structures and Inequality
438,20,5,20,Social Classes and Customs,"This was the third time in the one day's service that this old picked-up guide had ""squeezed my pigeon""; but I should explain this curious phrase, which is current and well understood in all parts of China where the so-called ""pigeon English ""is spoken.",1,Culture and Traditions
439,20,5,20,Social Classes and Customs,"“Pigeon,"" or ""pigin,"" is as near as the Chinese lingual organs can come to saying business.",1,Culture and Traditions
440,20,5,20,Social Classes and Customs,"A Chinaman, for instance, who wishes to say, ""That is not my business,"" will say, ""That no my pigeon.""",1,Culture and Traditions
441,20,5,20,Social Classes and Customs,"All Chinese servants, without exception, will in some way get a commission or a profit out of any handling of money for their employers.",0,Social Structures and Inequality
466,22,2,20,Social Classes and Customs,"Much has been written about this strange custom of binding the feet, and many different ideas advanced as to its origin.",1,Culture and Traditions
467,22,2,20,Social Classes and Customs,Some Chinese tell us that it was a handicap placed on woman's gadding proclivities many centuries ago.,1,Culture and Traditions
468,22,2,20,Social Classes and Customs,"Another tradition tells how a beautiful princess, having club feet, so skillfully concealed the fact that others imitated her methods and in this way her imitators brought about a fashion of binding the feet.",1,Culture and Traditions
469,22,2,20,Social Classes and Customs,"I am more inclined to believe, however, that it is an innovation of fashion; that through all time small feet have been considered more comely than large feet; and fashion exaggerates every means to an end, and this custom has been exaggerated into a deformity in China.",1,Culture and Traditions
470,22,2,20,Social Classes and Customs,Western nations are not guiltless in this matter; corns and bunions and other feet ailments are often attributable to feet-binding by shoes which are too small.,1,Culture and Traditions
471,22,2,20,Social Classes and Customs,Any person who wears shoes a size or a half-size too small lives in a glass house and must not criticise foot-binding in China; it is therefore a matter of degree and not principle.,1,Culture and Traditions
472,22,2,20,Social Classes and Customs,"The Chinese insist that tight lacing in Western countries is in worse taste and more injurious to health than feet-binding; that the waist is more vital than the feet, and that a slight compression of the former is more disastrous than even malformation of the latter.",1,Culture and Traditions
473,22,2,20,Social Classes and Customs,"It is generally believed that feet-binding is only practiced by the upper classes, and that ""lily feet"" are a badge of refinement; later writers and travellers in China claim this is a mistake, and my own observations have been that it is practiced by all classes except the Manchus, though no doubt less by the lower class, who are obliged to work.",1,Culture and Traditions
474,22,3,20,Social Classes and Customs,"When the little miss has her muscles of locomotion fairly well developed, say at from five to eight years of age, pieces of cloth from two to three inches wide are wound tightly around the feet, commencing at the great toe and winding upward to and over the ankle; the toes are turned under, as you see them in this case; the heel is drawn toward the sole of the foot.",1,Culture and Traditions
475,22,3,20,Social Classes and Customs,until the two extremes are nearly in contact; other and stronger wrappings are added; occasionally the bandages are removed and readjusted; the circulation is sufficiently arrested to stop further growth and development.,0,Social Structures and Inequality
476,22,3,20,Social Classes and Customs,"Disuse of the feet deteriorates the muscles of the legs, and the calves almost disappear; but this adds to the symmetry of the ideal female form which, according to the Chinese fancy, should taper gradually from the shoulders to the point of the little foot.",1,Culture and Traditions
477,22,3,20,Social Classes and Customs,"These dainty feet are well nigh useless for pedestrian purposes, and impart a gait which one can imitate perfectly by trying to walk on the heels without touching the front part of the foot to the ground.",1,Culture and Traditions
478,22,4,20,Social Classes and Customs,"Possibly you would like to know how I succeeded in getting this view, since I have told you they are so seldom seen.",1,Culture and Traditions
479,22,4,20,Social Classes and Customs,"You remember my old guide at the tea-house who squeezed the pigeon"" when trying to find me a smallfooted subject.",1,Culture and Traditions
480,22,4,20,Social Classes and Customs,"I went with him to a native quarter of the city, where he said he had bargained with a pretty girl; because I, of course, stipulated that the face should be pretty as well as the feet, for art purposes.",1,Culture and Traditions
481,22,4,20,Social Classes and Customs,"He took me by devious ways to an upper floor, where, after haggling with the inmates for a tedious length of time, he brought forth an unusually comely specimen who giggled after the fashion of girls the world over; but she had not been made to understand that her feet must be unbound, and when this was explained to her she fled precipitately, and no money consideration would tempt her to return.",1,Culture and Traditions
482,22,4,20,Social Classes and Customs,"We tried a third house, to which we were followed by a wild gang of idlers, who wondered what the ""fangwei"" (foreign devil) was in search of.",1,Culture and Traditions
483,22,4,20,Social Classes and Customs,"After an extended search he found one girl, who, for a consideration of four Mexican dollars, would come to the hotel and unwrap her feet for the camera.",1,Culture and Traditions
484,22,4,20,Social Classes and Customs,Long usage has taught them to look upon small feet as beautiful; but it is only when they are encased in dainty silken shoes that they are presentable.,1,Culture and Traditions
485,22,4,20,Social Classes and Customs,"The small feet of the Chinese women are not so small as they appear to be; the sharp front part of the foot is wedged into the small shoe, while the heel is lifted up into the leg of the shoe, thus giving the appearance of a foot scarcely three inches long, when in reality it may be six or seven inches.",1,Culture and Traditions
498,24,2,20,Social Classes and Customs,"This bridge is usually a great thoroughfare in Ningpo, especially on market days, when it is lined from end to end with sellers of all kinds of country produce, as well as manufactured goods.",1,Culture and Traditions
499,24,2,20,Social Classes and Customs,"On such days it is next to impossible to pass over it, and ferrymen do a flourishing business, when this branch of the river is impeded by the multitude of small boats carrying passengers to and fro.",1,Culture and Traditions
500,24,2,20,Social Classes and Customs,"The bridge is two hundred yards long and five broad, made of sixteen lighters chained together and covered with planks securely lashed, the whole line of boats being held by anchors.",2,Urban Development and Architecture
501,24,2,20,Social Classes and Customs,It was while making this view that I espied a woman crossing with hair coiffured in a most unusual and fantastic style.,1,Culture and Traditions
502,24,2,20,Social Classes and Customs,"I dispatched my native guide in great haste to intercept her and negotiate a pose, but all attempts and money offers were unavailing.",1,Culture and Traditions
503,24,2,20,Social Classes and Customs,"Her hair was arranged in a thin, vertical coil, projecting about eight inches from her head behind and noticeable at any distance.",1,Culture and Traditions
504,24,2,20,Social Classes and Customs,"The wearers of this odd coiffure are female barbers and belong to an order called the ""To min.""",1,Culture and Traditions
505,24,2,20,Social Classes and Customs,"There are three thousand in the ""To min"" set, and they, like the Tankia at Canton, are despised by the general community.",0,Social Structures and Inequality
506,24,2,20,Social Classes and Customs,"The men are not allowed to compete in the examinations or follow an honorable vocation; they are often actors, musicians or sedan-chair carriers.",0,Social Structures and Inequality
507,24,2,20,Social Classes and Customs,"The “To min"" are supposed to be descendants of one Kin who aided the Japanese in their attack on this province; hence the odium which has rested upon them ever since.",0,Social Structures and Inequality
508,24,2,20,Social Classes and Customs,"It is often charged that the Chinese lack patriotism, but this prejudice against the ""To min"" surely resembles patriotism.",1,Culture and Traditions
520,25,3,20,Social Classes and Customs,We will give those poor toilers a few cash and proceed on our way until we reach a beautiful temple called the Fukien Guild Hall.,0,Social Structures and Inequality
568,29,2,20,Social Classes and Customs,"The little girls are placed in front, the larger ones in the rear; they all engage in the exercises with eagerness and animation and acquit themselves seemingly as well as Western girls could do.",1,Culture and Traditions
569,29,2,20,Social Classes and Customs,On several occasions before I have asked you to notice the sad and expressionless faces in native groups; but these countenances are scarcely more than half Mongolian; they are bright and cheerful.,1,Culture and Traditions
570,29,2,20,Social Classes and Customs,"This is partially owing to the fact that they have just been looking through the stereoscope and are at this moment being immortalized after the fashion of the subjects of the views they have seen, and partly to the loving influence of their kindly teacher.",1,Culture and Traditions
571,29,2,20,Social Classes and Customs,"We find here no bare feet nor dirty faces, no soiled garments; all are neat and tidy, and from refined homes and under a faithful American teacher.",1,Culture and Traditions
572,29,2,20,Social Classes and Customs,"Some four months later when I returned from Pekin and the North, I secured a stereoscope for their teacher with a picture of the class.",1,Culture and Traditions
573,29,2,20,Social Classes and Customs,"When the stereoscope and the pictures were presented to Miss Cogdal she could scarcely repress her clamorous, importunate pupils, who clung to her skirts, awaiting their turns to witness their own faces under the magical effect, as it seemed to them, of the stereoscope.",1,Culture and Traditions
574,29,2,20,Social Classes and Customs,"Keeping in mind that those pupils in the rear of the line are young ladies, I must tell you how carefully girls of the upper class are reared as regards moral and social training; though we are not to forget that China is full of paradoxes and contradictions.",1,Culture and Traditions
575,29,2,20,Social Classes and Customs,"In reconciliation of these paradoxical statements, let me quote from a preface of a most interesting little book translated from the Chinese by Mrs. S. L. Baldwin: ""Few people in the West have any intelligent conception of the remarkable civilization that has existed in China for hundreds of years, and this in strange contrast with her squalor, poverty and heathenism.""",1,Culture and Traditions
576,29,2,20,Social Classes and Customs,"Wherever we go in this ""Flowery Kingdom"" we are meeting these contradictions, viz.: remarkable civilization and amazing barbarism; so that one is constantly admiring and as constantly in a mood of imprecation.",1,Culture and Traditions
577,29,2,20,Social Classes and Customs,"The little book to whose translation I have referred, is a book of etiquette entitled: ""Instruction for Chinese Women and Girls.""",1,Culture and Traditions
578,29,2,20,Social Classes and Customs,"This extraordinary little book of etiquette was written over eighteen hundred years ago by one Pang Tai Ku, a very celebrated literary woman, and her instructions are so remarkable when we consider the time at which they were written that I cannot refrain from quoting some portions to you while these little girls and young ladies are before you; because we can scarcely help associating their grace and good breeding with such moral teaching as has come down through the centuries from Pang Tai Ku.",1,Culture and Traditions
579,29,2,20,Social Classes and Customs,"Let me first give you the introduction to this venerable book of etiquette: ""Tai Ku, your handmaid, is of an illustrious family and was a philosopher's wife.",1,Culture and Traditions
580,29,2,20,Social Classes and Customs,"I have tried to perfect myself in the four womanly virtues, which are: First, carefulness of deportment, which includes manners, dress, and all IIO outward conduct; second, all womanly duties; third, talking little and that of profit; fourth, to be virtuous.",1,Culture and Traditions
581,29,2,20,Social Classes and Customs,I also earnestly tried to follow the example of the nine upright women' and 'three chaste ones' (ancient Chinese women distinguished for their virtues).,1,Culture and Traditions
582,29,2,20,Social Classes and Customs,"Of cultivating virtue's method, The most important is To be pure and upright in morals; If pure, you are clean inside and outside; Chastity is your body's glory; Having it, all your acts shine.",1,Culture and Traditions
583,29,2,20,Social Classes and Customs,"When walking, look straight, turn not your head; Talking, restrain your voice within your teeth; Sitting, don't shake your knees-a common fault with men.",1,Culture and Traditions
584,29,2,20,Social Classes and Customs,"Standing, keep quiet your skirts; When pleased, laugh not aloud; If angry, still make no noise; USING THE NEEDLE.",1,Culture and Traditions
585,29,2,20,Social Classes and Customs,"To embroider shoes, stitch stockings, Mend clothes, and unite cloth, Trim and quilt garments, III All such work should you be able to do.",1,Culture and Traditions
586,29,2,20,Social Classes and Customs,"If you follow these instructions, Whether it be cold or warm, You will have suitable clothing, And rags and poverty you will not know.",0,Social Structures and Inequality
587,29,2,20,Social Classes and Customs,Do not imitate lazy women Who from youth to womanhood have been stupid Not having exerted themselves in woman's work.,0,Social Structures and Inequality
588,29,2,20,Social Classes and Customs,"The idle girl going forth to be married, Injures the reputation of her husband's whole family.",1,Culture and Traditions
589,29,2,20,Social Classes and Customs,"If it is a male guest, The wife may not be seen, But, near the reception room Await her husband's orders.",1,Culture and Traditions
590,29,2,20,Social Classes and Customs,"If the guest remains to eat and sleep, Wait for the husband to come And say what he wishes prepared; Whether to kill chickens or cook vegetables, Or only offer refreshments.",1,Culture and Traditions
591,29,2,20,Social Classes and Customs,"Do not imitate those careless women Who do not look after the reception room; Who are hurried and without self-possession, And therefore do nothing properly.",1,Culture and Traditions
592,29,2,20,Social Classes and Customs,"If a guest arrives When the husband is absent, Send a small child to inquire Whence he comes.",1,Culture and Traditions
593,29,2,20,Social Classes and Customs,"If he looks like a friend, Send and ask his name And invite him to enter, Then with hair in order and dress neat, The wife may enter the reception room And present her salutation.",1,Culture and Traditions
594,29,2,20,Social Classes and Customs,"After he has taken tea, She should inquire his business, And if he is a very near friend or relation, She may invite him to await her husband's return.",1,Culture and Traditions
595,29,2,20,Social Classes and Customs,"Boys know not how to read; They grow up following their own wills, Drinking wine and seeking only amusement, Living idle and useless lives, Singing songs and dancing, Disregarding their family duties, And fearing not their country's laws.",0,Social Structures and Inequality
596,29,2,20,Social Classes and Customs,Girls too are unwilling to learn; They are stubborn and talkative; They know little of woman's duties.,0,Social Structures and Inequality
597,29,2,20,Social Classes and Customs,"Do not the foregoing quaint precepts written over eighteen hundred years ago plainly tell us that human nature never changes; that proprieties were the same then as now, and that boys and girls were boys and girls eighteen hundred years ago, and after all, human nature in the East is human nature in the West.",1,Culture and Traditions
598,29,2,20,Social Classes and Customs,"So we will say good-by to our patient, gentle group of Mongolian lassies and take ""rikishas"" five or six miles farther out and southward to a village called Loong Wah, where once a year, during what is called the Peach-blossom Festival, the native inhabitants gather in great numbers to celebrate the bloom and promise of spring.",1,Culture and Traditions
599,29,2,20,Social Classes and Customs,One of the most remarkable features of this festival celebration is the number of beggars gathered by the roadside on the way to Loong Wah.,0,Social Structures and Inequality
600,29,2,20,Social Classes and Customs,"We will have only time and opportunity to look at one of these beggars; but he being the king of beggars, we will consider him a fitting representative of the whole race.",0,Social Structures and Inequality
601,30,2,20,Social Classes and Customs,"On our arrival at Loong Wah, near the pagoda of the same name, which you see a few hundred feet before us, this ""Jolly Old Beggar "" marched directly into our presence with greasy, but by no means a starved-looking face, and asked for alms.",1,Culture and Traditions
602,30,2,20,Social Classes and Customs,We were at once struck by his extraordinary manner as well as by his extraordinary appearance; the first thing unusual in his manner was his smiling face and his cheerful willingness to stand before the camera.,1,Culture and Traditions
603,30,2,20,Social Classes and Customs,"This was done, too, before I had been made aware that he was a distinguished man, well known in his native village and in the country round; he is a royal personage, even a king in his class, and undoubtedly a possessor of considerable wealth.",0,Social Structures and Inequality
604,30,2,20,Social Classes and Customs,"There is a membership fee of about four dollars, and all members swear to abide by the rules and regulations of the society.",1,Culture and Traditions
605,30,2,20,Social Classes and Customs,The power of the head of a guild is considerable; and they are sometimes appointed watchmen over certain streets because their authority is greatly respected by the unscrupulous element of their own society.,0,Social Structures and Inequality
606,30,2,20,Social Classes and Customs,"When a member dies the guild furnishes a two-dollar coffin for decent burial, and other members are required to attend the funeral; they maintain a lodging-house in which members are allowed to sleep at the rate of one cash (one-seventeenth of a cent) a night.",1,Culture and Traditions
607,30,2,20,Social Classes and Customs,In some towns the rich merchants furnish a dinner twice a year to the beggars on condition that they are not to be importuned by the guild for alms at other times.,0,Social Structures and Inequality
608,30,2,20,Social Classes and Customs,"Some of these guilds follow curious occupations, as at Fool Chow, where they engage in rearing snakes, which are sold to the medical fraternity, who boil them down for medicinal purposes.",1,Culture and Traditions
609,30,2,20,Social Classes and Customs,"All beggars are not members of a guild; many are too poor and miserable to cope with the initiation fees; such beggars you saw at the ""Dyingplace"" in Canton.",0,Social Structures and Inequality
610,30,2,20,Social Classes and Customs,The many expedients to which beggars here resort to elicit sympathy and extort alms is an ethnological study.,0,Social Structures and Inequality
611,30,2,20,Social Classes and Customs,"Sometimes they have been known to carry a most unsightly leper, on whom the progress of his incurable disease has sloughed off ears and nose and hands.",0,Social Structures and Inequality
612,30,2,20,Social Classes and Customs,This is done to compel the inmates of homes to bestow alms in order to rid themselves of a loathsome nuisance.,0,Social Structures and Inequality
613,30,2,20,Social Classes and Customs,"Others cut themselves with razors and bespatter themselves with blood, taking care always to present the most bloody appearance with the least cutting possible.",1,Culture and Traditions
614,30,2,20,Social Classes and Customs,Another method is to stand on the street or by one's home and beat the head in a most ferocious manner with a stick.,1,Culture and Traditions
615,30,2,20,Social Classes and Customs,"When I was in Canton visiting a great temple, a miserable wretch who had been awaiting my exit from one of the courts, staggered for some time and then fell prostrate on the flagstones, to all appearances suffering great agony and in a dying condition.",0,Social Structures and Inequality
616,30,2,20,Social Classes and Customs,"My guide told me that it was all affected, but that I might better leave a little cash-balm for him, as we were in an evil crowd, in an unsafe quarter.",0,Social Structures and Inequality
617,30,3,20,Social Classes and Customs,"An expedient tried by some is to ignite a combustible substance on the tops of their heads, when they howl and writhe with pain and in that way prey upon the sympathy of the onlookers.",1,Culture and Traditions
618,30,3,20,Social Classes and Customs,"Still another device which may always be seen in beggar thoroughfares, is to sit by the wayside and dash the forehead against a flat stone placed on the ground before them; this is done until there is an abrasion of the skin and the blood trickles copiously down the face.",0,Social Structures and Inequality
619,30,3,20,Social Classes and Customs,"I have mentioned some of the mercenary self-tortures inflicted by the army of mendicants met everywhere in China, while the ""King"" is still waiting for his tribute money.",0,Social Structures and Inequality
620,30,3,20,Social Classes and Customs,"Baths and ablutions are unknown to his sovereign majesty, and an enumeration of the entomological attendants of this royal bundle would be as difficult as a census of the empire.",1,Culture and Traditions
621,30,3,20,Social Classes and Customs,"I had the opportunity of meeting this ""King of the Beggars"" several times, but after I had bestowed a moderate fee for this pose, his Highness. did not deign to ask a second.",0,Social Structures and Inequality
622,30,3,20,Social Classes and Customs,"Now let us ""Chin-chin "" (bye-bye) court fashion and return to Shanghai.",1,Culture and Traditions
843,37,12,20,Social Classes and Customs,"The news of our arrival, even though late at night, spread rapidly; the street was soon a solid mass of struggling humanity; it was difficult for our chair-men to make any headway in such a crowd.",0,Social Structures and Inequality
844,37,12,20,Social Classes and Customs,"Our ""boy"" and the chair-coolies slowly wedged their way, by inches, through the dense mass.",0,Social Structures and Inequality
845,37,12,20,Social Classes and Customs,The mandarin's palace (?) was a half-mile away; and after we emerged from the crowd it followed us to the door of the buildings said to contain the high functionary we sought.,0,Social Structures and Inequality
846,37,12,20,Social Classes and Customs,"It required several minutes of pounding at a great wooden door before any response came; at last some one, I suppose a servant, arrived.",2,Urban Development and Architecture
847,37,12,20,Social Classes and Customs,"Our instructions to our ""boy"" were about as follows: ""Tell the good mandarin we are Americans, come to see Chinese Tea-man-have no place to sleep-will good mandarin let us sleep any place inside his palace?""",1,Culture and Traditions
848,37,12,20,Social Classes and Customs,"Childs, who knew the mandarin character pretty well, said he thought a stronger appeal was necessary-that we must see the mandarin himself; so, to get out of the crowd, by sheer effrontery, we pressed within the outer door; but the crowd followed.",1,Culture and Traditions
852,37,14,20,Social Classes and Customs,"I have spoken of the mandarin as ""His Excellency,"" and of his domicile as the palace; but there did not appear to be any excellent qualities about him or anything palatial about his residence.",1,Culture and Traditions
853,37,14,20,Social Classes and Customs,"He was ordinary in appearance, stupid and boorish in manner, devoid of hospitality and actuated alone by suspicion.",0,Social Structures and Inequality
854,37,14,20,Social Classes and Customs,"His home was a tileroofed, one-story agglomeration of sheds made of sundried brick without and finished within in the crudest fashion with hand-sawed lumber.",2,Urban Development and Architecture
908,39,7,20,Social Classes and Customs,"We entered the mandarin's home%; we were escorted to a seat of honor, an elevated dais, where a plate of sweetmeats was placed between us; this was followed by a service of tea offered in exquisite porcelain cups.",1,Culture and Traditions
909,39,7,20,Social Classes and Customs,Before we left the flag-ship he expressed a desire to have his picture taken; this was quite unusual in China; but he was intelligent beyond a dread of the camera.,1,Culture and Traditions
910,39,7,20,Social Classes and Customs,"I was as anxious to possess his picture as he was to have it taken, but the apartments in his home were poorly lighted and I told him we must find an open space outside.",1,Culture and Traditions
911,39,7,20,Social Classes and Customs,"Up to this time no female member of the family had been allowed to come into our presence; but when I suggested that his family should be stereographed with him he was evidently well pleased, and orders were at once sent to the female members to don their best.",1,Culture and Traditions
912,39,7,20,Social Classes and Customs,"We sipped the mild, delicious tea and ate the very palatable delicacies for a few minutes longer, when the wife and a daughter of the proverbial sweet ten and six appeared, in beautiful attire and most careful toilette.",1,Culture and Traditions
913,39,7,20,Social Classes and Customs,"We all started off through the narrow streets, accompanied by servants carrying stand, stool, et cetera, for an outdoor group, and followed by a train of onlookers from the street that grew larger and larger as we proceeded.",1,Culture and Traditions
914,40,2,20,Social Classes and Customs,"As usual we had great difficulty in keeping back the crowd, and a mandarin is not expected to interfere with the obtrusiveness of a street throng.",1,Culture and Traditions
915,40,2,20,Social Classes and Customs,"Besides, you can easily perceive by his mellow blink that Western cognac has relegated his basilar instincts to peaceful realms, or, in other words, that he is a good-natured fellow under blissful stimulation; these conditions, added to unusual intelligence, made him a very agreeable personage for us after spending a week among the hostile and unscrupulous tribes out of which Boxers are organized.",1,Culture and Traditions
916,40,2,20,Social Classes and Customs,"The daughter is probably best described in the words of Childs, who stood at my back keeping off the crowd, and whispered: ""Isn't she a dandy?""",1,Culture and Traditions
917,40,2,20,Social Classes and Customs,"A fan is the vade mecum of every Chinaman under the sun and under the moon, too, for that matter, as they carry them at night as well as during the day.",1,Culture and Traditions
918,40,2,20,Social Classes and Customs,"A Chinaman without a fan is as rare as one without a queue, or as anomalous as a Scotchman without an umbrella.",1,Culture and Traditions
919,40,2,20,Social Classes and Customs,"It would probably be more correct to call them fan carriers rather than fan users, as they are more often carried and not used.",1,Culture and Traditions
944,40,6,20,Social Classes and Customs,This is sufficient to show you how exact are the laws laid down for rank distinctions in dress; the minute rules about the cap are made in all the garments.,0,Social Structures and Inequality
945,40,6,20,Social Classes and Customs,"In building houses for persons of different ranks the same detailed rules must be observed, even to the number of nails in certain places.",2,Urban Development and Architecture
946,40,6,20,Social Classes and Customs,"I take the bird on the wife's badge to be a wild goose; if that be correct, she is of the fourth rank; but I cannot identify the animal on the breastplate of the mandarin; it is something like a lion and not altogether unlike a yellow dog; but I cannot make out with certainty.",1,Culture and Traditions
947,40,6,20,Social Classes and Customs,"The daughter is probably too young to have yet taken a degree, but she surely bears the loveliest insignia of all, the badge of modest maidenhood.",1,Culture and Traditions
1412,65,4,20,Social Classes and Customs,"Before we leave them, have you noticed that they sit in the hottest midsummer sun, and, like all others among the lowly whom we have been studying, they are without head cover?",0,Social Structures and Inequality
1413,65,4,20,Social Classes and Customs,"That appearance is very common among the poor; but whether from scalp disease or the encampments of insect colonies, I can only surmise.",0,Social Structures and Inequality
1414,65,4,20,Social Classes and Customs,"Some girls peered from small apertures in these lowly homes, and I tried to persuade them to join this ""chowing"" band; they tittered and withdrew, and I did not persist, as they would not have added much to the beauty of the six already before us.",1,Culture and Traditions
1415,65,4,20,Social Classes and Customs,"It is scarcely neces sary to suggest that there is probably no boastful rivalry between their wardrobe and their cupboard; but while we look upon their poverty and lowly home, we must not forget Gray's beautiful lines:",0,Social Structures and Inequality
1473,67,13,20,Social Classes and Customs,The average European and the average American knows no more about the Chinese people than he does about the possible inhabitants of the stellar worlds.,1,Culture and Traditions
1723,76,4,20,Social Classes and Customs,"Probably you will say that they seem darker in complexion among the lower classes in the north, and I think they are.",0,Social Structures and Inequality
1760,79,2,20,Social Classes and Customs,"The Shrines of Mecca are not kept more fanatically exclusive toward ""Christian dogs"" than is this Forbidden City at our feet toward all the world save the Imperial coterie.",0,Social Structures and Inequality
1761,79,3,20,Social Classes and Customs,"In all Oriental countries, the policing of cities is very imperfectly done, hence the people learn to shut themselves in and the streets are very uninteresting.",2,Urban Development and Architecture
1762,79,3,20,Social Classes and Customs,Until about one hundred and fifty years ago the Forbidden City was not entirely closed to visitors.,2,Urban Development and Architecture
1763,79,3,20,Social Classes and Customs,"Walls of cities were built, as they say, to make thieving less easy and the capture of thieves more easy.",2,Urban Development and Architecture
1764,79,3,20,Social Classes and Customs,Walls are built in front of public offices and homes to keep out evil spirits rather than to prevent people from looking in.,1,Culture and Traditions
1765,79,3,20,Social Classes and Customs,"Doubtless if we knew the reason for the erection of many buildings in the ""Sacred Enclosure"" it could be traced to superstition.",2,Urban Development and Architecture
1773,79,5,20,Social Classes and Customs,"One of the great mistakes made by this dynasty was in subsidizing all the soldiers who helped establish the throne two hundred and fifty years ago, as well as their descendants.",0,Social Structures and Inequality
1774,79,5,20,Social Classes and Customs,"Hence these Manchus expect to be carried on the shoulders of the Emperor, and when their stipends grow small, as naturally they must in the course of time, they make up the deficiency by stealing public funds.",0,Social Structures and Inequality
1775,79,5,20,Social Classes and Customs,"The Empress Dowager is the keenest monarch who has governed China for many years, but even she dares not weed out the worthless trash in the palace.",0,Social Structures and Inequality
1856,84,3,20,Social Classes and Customs,There is another hall where the Emperor comes to examine written prayers to be offered at the state worship.,1,Culture and Traditions
1857,84,3,20,Social Classes and Customs,"And beyond this stands the ""Palace of Earth's Repose,"" or, stripped of metaphor, the Imperial Harem.",2,Urban Development and Architecture
1858,84,3,20,Social Classes and Customs,"Another building farther north and near the northern gate is called the ""Hall of Intense Thought,"" where offerings are made to Confucius and other sages.",1,Culture and Traditions
1859,84,3,20,Social Classes and Customs,"There is also the Imperial Library and the Ancestral Hall, where the members of the royal family offer homage to their departed ancestors.",1,Culture and Traditions
1860,84,3,20,Social Classes and Customs,There are other buildings too numerous to mention; but the number of persons living within these sacred walls is not large and nearly all are of the line of the alien conquerors.,0,Social Structures and Inequality
1861,84,3,20,Social Classes and Customs,"How many times servile subordinates have stood in the court near where we stand and made the nine regulation obeisances before the ""Son of Heaven,"" seated on this throne; and we come and go and neither make obeisances nor ""Chin, chin"" to anybody!",1,Culture and Traditions
1862,84,3,20,Social Classes and Customs,"We have seen enough to convince us that while certain things show infinite labor and some skill, the general appearance and condition of this place, show Tsz' Kin Ching, or Carnation Prohibited City"" to be a parody of highsounding names.",1,Culture and Traditions
1953,90,4,20,Social Classes and Customs,"When we witness such perfection in art and such advancement in science, we must not forget that the abovedescribed instruments were made nearly four hundred years before the Greenwich Observatory was founded and two hundred years before Columbus discovered America, and that even a thousand years prior to that time China was a civilized nation.",1,Culture and Traditions
1965,91,3,20,Social Classes and Customs,"Well, all people are interested in matrimony, barring possibly thoroughly confirmed old bachelors;",1,Culture and Traditions
1966,91,3,20,Social Classes and Customs,"and as Chinese matrimonial customs are curious I cannot do better than to give some interesting and reliable statements from Williams's ""Middle Kingdom.""",1,Culture and Traditions
1967,91,4,20,Social Classes and Customs,"There are six ceremonies which constitute a regular marriage, though their details vary much in different parts of the Empire: 1. The father and elder brother of the young man send a go-between to the father and brother of the girl, to inquire her name and the moment of her birth, that the horoscope may be examined in order to ascertain whether the proposed alliance will be a happy one.",1,Culture and Traditions
1968,91,4,20,Social Classes and Customs,"2. If the eight characters seem to augur aright, the boy's friends send the mei-jin (match-maker) back to make an offer of marriage.",1,Culture and Traditions
1969,91,4,20,Social Classes and Customs,6. The preliminaries are concluded by the bridegroom going or sending a party of friends with music to bring his bride to his own house.,1,Culture and Traditions
1970,91,4,20,Social Classes and Customs,"The match-makers contrive to multiply their visits and prolong the negotiations when the parties are rich, to serve their own ends.",0,Social Structures and Inequality
1971,91,4,20,Social Classes and Customs,"At Fukien, parents often send pledges to each other when their children are mere infants, and registers containing their names and particulars of nativity are exchanged in testiof the contract.",1,Culture and Traditions
1972,91,4,20,Social Classes and Customs,"After this has been done it is impossible to retract the engagement, unless one of the parties become a leper or is disabled.",1,Culture and Traditions
1973,91,4,20,Social Classes and Customs,"When the children are espoused older, the boy sometimes accompanies the go-between and the party carrying the presents to the house of his future mother-inlaw, and receives from her some trifling articles, as melonseeds, fruits, etc., which he distributes to those around.",1,Culture and Traditions
1974,91,4,20,Social Classes and Customs,"Among the presents sent to the girl are fruits, money, vermicelli and a ham, of which she gives a morsel to each one of the party.",1,Culture and Traditions
1975,91,5,20,Social Classes and Customs,"Whenever friends call upon her parents, she is expected to retire to the inner apartments, and in all her actions and words guard her conduct with careful solicitude.",1,Culture and Traditions
1976,91,5,20,Social Classes and Customs,"When the lucky day for the wedding comes, the guests assemble in the bridegroom's house to celebrate it, where also sedans, a band of music and porters are in readiness.",1 ,Culture and Traditions
1977,91,5,20,Social Classes and Customs,"The courier who acts as guide to the chair-bearers takes the lead, and in order to prevent the onset of malicious demons lurking by the road, a baked hog or large piece of pork is carried in front, that the procession may advance safely while these hungry souls are devouring the meat.",1,Culture and Traditions
1978,91,6,20,Social Classes and Customs,"Her girlish tresses have already been bound up, and her hair arranged by a matron, with due formality; an ornamental and complicated headdress made of rich materials, not unlike a helmet or corona, often forms part of her coiffure.",1,Culture and Traditions
1979,91,6,20,Social Classes and Customs,"Her person is nearly covered by a large mantle, over which is an enormous hat like an umbrella, that descends to the shoulders and shades the whole figure.",1,Culture and Traditions
1980,91,6,20,Social Classes and Customs,"Thus attired she takes her seat in the red gilt marriage sedan, called hwa kiao, borne by four men, in which she is completely concealed.",1,Culture and Traditions
1981,91,6,20,Social Classes and Customs,"This is locked by her mother or some other relative, and the key given to one of the bridemen, who hands it to the bridegroom or his representative on reaching his house.",1,Culture and Traditions
1982,91,6,20,Social Classes and Customs,"The procession is now arranged with the addition of as many red boxes and trays to contain the wardrobe, kitchen utensils and the feast, as the means of the family or the paraphernalia require.",1,Culture and Traditions
1983,91,6,20,Social Classes and Customs,"As the procession approaches the bridegroom's house the courier hastens forward to announce its coming, whereupon the music strikes up, and fire-crackers salute her until she enters the gate.",1,Culture and Traditions
1984,91,6,20,Social Classes and Customs,"As she approaches the door the bridegroom conceals himself, but the go-between brings forward a young child to salute her, while going to seek the closeted bridegroom.",1,Culture and Traditions
1985,91,6,20,Social Classes and Customs,"He approaches with becoming gravity and opens the sedan to hand out his bride, she still retaining the hat and mantle; they approach the ancestral tablet, which they reverence with three bows, and then seat themselves at a table on which are two cups of spirits.",1,Culture and Traditions
1986,91,6,20,Social Classes and Customs,"The go-between serves them, though the bride can only make the motion of drinking, as the large hat completely covers her face.",1,Culture and Traditions
1987,91,6,20,Social Classes and Customs,"They soon retire into a chamber, where the husband removes the hat and mantle from his wife and sees her, perhaps for the first time in his life.",1,Culture and Traditions
1988,91,6,20,Social Classes and Customs,"After he has considered her for some time, the guests and friends enter the room to survey her, when each one is allowed to express an opinon; the criticisms of the women are severest, perhaps because they remember the time they stood in her unpleasant position.",0,Social Structures and Inequality
1989,91,8,20,Social Classes and Customs,"Before leaving the group now before us, note carefully the rich dress, the neatly and curiously arranged hair and ornaments, and the small feet which have heretofore been described.",1,Culture and Traditions
2023,93,5,20,Social Classes and Customs,"In this same court where these honorary umbrellas stood and where were the groups of Chinese and Manchu ladies, I met Prince Su, whose palace and property were turned over to the beleaguered Legationers; he had proved from the beginning a friend to all the foreigners, and was on the best of terms with the people of the London Mission.",1,Culture and Traditions
2024,93,5,20,Social Classes and Customs,"He quite readily granted me a sitting for a stereoscopic photograph, and presented me with his card, explaining at the same time that it is not customary for a Chinese prince to use cards, though on account of his intimate relations with many foreigners he found it convenient to deviate from court usage.",1,Culture and Traditions
2025,93,5,20,Social Classes and Customs,"representation of his card, but I cannot give the full size, which is its most curious feature, being four and one-half by ten inches, and made of thin red paper, much like firecracker paper.",1,Culture and Traditions
2026,93,5,20,Social Classes and Customs,It is very possible that Prince Su will be appointed Chinese Secretary of State in the new organization of the government.,0,Social Structures and Inequality
2053,95,2,20,Social Classes and Customs,The workmanship is superior; the long line of figures on the rail show much labor and considerable skill.,2,Urban Development and Architecture
2054,95,2,20,Social Classes and Customs,A few glances only about the Summer Palace will tell us why the Empress spends so little of her time within the prison-like confines of the Forbidden City.,2,Urban Development and Architecture
2055,95,2,20,Social Classes and Customs,"Here there are crystal springs and mountain breezes and commanding prospects, all that nature and art can add to make the surroundings attractive.",1,Culture and Traditions
2056,95,2,20,Social Classes and Customs,"At the time I was here the grounds were deserted, except by a few foreign soldiers who were guarding the entrance, and an occasional group of visitors who had gained permission to visit the ground.",2,Urban Development and Architecture
2057,95,2,20,Social Classes and Customs,"When the Court occupies the Palace this bridge and the lake are not so devoid of life; then the water is dotted with row-boats, and sailboats, and the entire royal area within the wall, as well as the villages outside where servants live, is full of activity.",1,Culture and Traditions
2058,95,2,20,Social Classes and Customs,"You can better understand the populousness of the place when I tell you that the Emperor is entitled to three thousand eunuchs, but the actual number employed is about two thousand.",0,Social Structures and Inequality
2059,95,2,20,Social Classes and Customs,"The number of females in the harem is not known, but it would probably far exceed the plurality of wives accredited to the celebrated Mormon prophet.",0,Social Structures and Inequality
2060,95,2,20,Social Classes and Customs,"From this bridge the lake extends a half-mile in either direction, and the mountain slopes outside the Imperial domain are dotted with temples and homes of noted Chinamen.",1,Culture and Traditions
2063,96,2,20,Social Classes and Customs,Here we obtain a good view of the great porcelain tower which overlooks the entire plain lying between us and Pekin.,2,Urban Development and Architecture
2064,96,2,20,Social Classes and Customs,"I entered and ascended to the top, expecting to find something to reveal its purpose; but found nothing to show that its use is for aught else than an observation tower.",2,Urban Development and Architecture
2065,96,2,20,Social Classes and Customs,"Indeed, there were many buildings about the grounds whose use could not be determined by their appearance; many of them, no doubt, the outcome of Imperial whims or fancies.",2,Urban Development and Architecture
2066,96,2,20,Social Classes and Customs,"Notwithstanding ""the divinity that doth hedge a king,"" he is subject to human ambitions like other mortals.",0 ,Social Structures and Inequality
2067,96,2,20,Social Classes and Customs,"Here is a populous city, there is another at Yuen-Ming-Yuen, the Forbidden City is another and then the private palace outside the Forbidden City; all these exist to gratify the cruel and unscrupulous vanity of an old Manchu woman.",0,Social Structures and Inequality
2068,96,2,20,Social Classes and Customs,"Millions are starving, and the one arch-mischief-maker sports four palaces, and three of these are verily cities, and all, we may say, for her personal luxury.",0,Social Structures and Inequality
2069,96,2,20,Social Classes and Customs,"The pomp and the palaces, of course, help on the ""divinity that doth hedge,"" etc., and if the suffering masses can be kept in ignorance the ""divinity"" can be maintained—millions upon millions for the maintenance of a Christian-killing Empress, while thousands upon thousands are starving in honest poverty.",0,Social Structures and Inequality
2070,96,2,20,Social Classes and Customs,"Look upon these multiplied palaces and palace luxuries and then witness the staring eyes of starvation in the ""dying place"" at Canton.",0,Social Structures and Inequality
2071,96,2,20,Social Classes and Customs,"It does not require the ""hedging of divinity"" to make an intelligent and democratic people love and honor a Washington, a Lincoln or a McKinley; and in this respect what is true of China may be true of all monarchical or monarch-supporting governments.",1,Culture and Traditions
2072,96,2,20,Social Classes and Customs,"Democracy elects fitness for sovereignty, but empires inherit the next in line-many times unfit to rule; then comes the necessity for hedging with divinity.",0,Social Structures and Inequality
2073,96,2,20,Social Classes and Customs,"We did not love dear ""Old Abe” less because he was not housed in a congeries of palaces, or because his beloved personality was not ""hedged"" by lèse-majesté.",0,Social Structures and Inequality
2074,96,2,20,Social Classes and Customs,But if we linger in this line of thought before this great porcelain tower we shall soon be calling it a tower of shame.,2,Urban Development and Architecture
2075,96,2,20,Social Classes and Customs,At the right of the tower we can see the plain over which we must pass to reach Pekin; only for the hazy atmosphere we could faintly discern the outlines of the city thirteen miles away.,2,Urban Development and Architecture
2076,96,2,20,Social Classes and Customs,Now let us climb down this steep hillside and wend our way back to the quaint old capital.,2,Urban Development and Architecture
2078,97,2,20,Social Classes and Customs,At the Legation Minister Conger kindly consented to allow me to make a picture of himself and his secretaries in the Legation rooms.,1,Culture and Traditions
2079,97,2,20,Social Classes and Customs,"It was during this sitting that our popular Minister spoke of going out in his official chair, when it occurred to me that to see him leaving the grounds would be interesting, as showing the formalities which must be observed at the Court of Pekin.",1,Culture and Traditions
2080,97,2,20,Social Classes and Customs,"It brings to mind also, that among the many different branches of the government organization, there is a ceremonial court whose duty it is to regulate forms to be observed and in marshaling visitors according to their proper ranks, and directing them when to make the ""Kowtow.""",1,Culture and Traditions
2081,97,2,20,Social Classes and Customs,The kowtow is a formal bowing or kneeling and has many variations or degrees according to the rank before whom made; before the Emperor a kowtow consists in kneeling three times and knocking the head on the floor nine times.,1,Culture and Traditions
2082,97,2,20,Social Classes and Customs,"The refusal to comply with this formality on the part of foreign officials, has, at times in the past, led to international friction.",3,Globalization and Modernization
2083,97,2,20,Social Classes and Customs,"Foreigners are not unwilling to make their rounds in a sedan-chair, but they do not take to the requirements of kneeling and whacking their heads on the floor.",1,Culture and Traditions
2112,98,4,20,Social Classes and Customs,"While we were yet sipping our delicious tea I asked the interpreter if his excellency would not permit us to carry back to America as souvenirs of the honor he had conferred upon us, the cups from which we were drinking the tea.",1,Culture and Traditions
2113,98,4,20,Social Classes and Customs,"More delicate specimens were soon forthcoming, into which we poured the remainder of our tea that we might say we had drunk tea from them with Prince Ching.",1,Culture and Traditions
2114,98,4,20,Social Classes and Customs,"The Prince said he had not had his photograph taken for eight years previous to this time, when a Dutch painter made of him an oil-portrait, which he took from the wall to show us.",1,Culture and Traditions
2115,98,5,20,Social Classes and Customs,"After thanking him suitably for his hospitality and the patient audience and sitting he had given us, we retired to the alley whence we entered, and where the interpreter was joined by three members of the Tsung-li Yamên, whom you will be interested in meeting now.",1,Culture and Traditions
2123,99,5,20,Social Classes and Customs,"General Wilson in his latest revision of his book on China says of this modern Board of Foreign Affairs: ""In view of the fact that none of the members of the Board understand English, or any other foreign language, and none of the foreign ministers speaks Chinese, all conversation must be carried on through the intervention of official interpreters, and to prevent mistakes all official communications must be in writing, translated into the court dialect, or literary language of the country.",3,Globalization and Modernization
2124,99,5,20,Social Classes and Customs,"As this language is almost an insuperable obstacle to the general dissemination of Western knowledge, and as there is no social intercourse whatever between foreigners and the conservative Chinese officials or their families, it will readily be seen that there cannot be a very active interchange of ideas between them.""",1,Culture and Traditions
2137,100,5,20,Social Classes and Customs,"Of those standing on the lowest step, Major E. H. Conger (U. S. A.) is to the left, Don B. J. de Cologan (Spain) is in the center and Dr. Von Mumm (Germany) is to the right.",0,Social Structures and Inequality
2138,100,5,20,Social Classes and Customs,"Of the two standing on the second step, M. De Giers (Russia) is on the left next to Minister Conger and Baron M. C. De Wallton (Austria-Hungary) is on the right.",1,Culture and Traditions
2139,100,5,20,Social Classes and Customs,"On the next step back Marquis J. Saloago Reggi (Italy) is to the left, directly behind Minister Conger.",0,Social Structures and Inequality
2140,100,5,20,Social Classes and Customs,"In the doorway Baron d'A. de Wasserwass (France) is on the left and Sir E. Satow, the newly appointed British Minister, is on the right.",1,Culture and Traditions
2148,100,7,20,Social Classes and Customs,"We have witnessed in our wanderings the wretchedness of hopeless poverty and suffering, and the stupid and demoralizing luxuries of wealth; we have seen the ""King of Beggars and the Princes of the Empire; we have seen the poor, burden-bearing coolie whose labor feeds the luxurious mandarin; we have seen the Tankia in their little floating homes and the many palaces of sovereignty.",0,Social Structures and Inequality
2149,100,7,20,Social Classes and Customs,"We have looked upon the bloody and harrowing circumstances of war, and as we are about to make our leave-taking obeisance before this ancient contemporary of Egypt and Babylon, we cannot but wonder what is to become of her.",1,Culture and Traditions
2150,100,7,20,Social Classes and Customs,"She is weak by reason of her unpreparedness for defense, and the vultures of Western commercialism are ""watching out.""",3,Globalization and Modernization
2151,100,7,20,Social Classes and Customs,Even now she has ceased to be a sovereign power when the allied nations can dictate enormous indemnities and the demolition of her coast defenses and the regulation of her own internal affairs.,3,Globalization and Modernization
2152,100,7,20,Social Classes and Customs,China has international obligations to perform; none will consider her blameless; yet the various nations need to be very careful that they do not come to play the part of vigorous young bullies mauling a feeble and helpless centenarian.,3,Globalization and Modernization
