num_topics,coherence,silhouette,num_tokens,ngram_range,min_topic_size,n_neighbors,n_components
77,0.39553445695627715,-0.031978823,2,"(1, 1)",10,4,2
75,0.39309353482967196,-0.030030131,2,"(1, 1)",10,4,6
60,0.40768585258722506,-0.02140021,2,"(1, 1)",10,8,2
62,0.4112450696558115,-0.026586525,2,"(1, 1)",10,8,6
3,0.5609475126885247,-0.008020465,2,"(1, 1)",10,12,2
53,0.40752734660485374,-0.020355737,2,"(1, 1)",10,12,6
62,0.4064418282351916,-0.032466356,2,"(1, 1)",10,16,2
49,0.3903105491700292,-0.026657764,2,"(1, 1)",10,16,6
57,0.382428427525842,-0.027231777,2,"(1, 1)",13,4,2
47,0.40211815326796263,-0.02649306,2,"(1, 1)",13,4,6
2,0.4438696715633924,0.012935614,2,"(1, 1)",13,8,2
45,0.40903167867173246,-0.026830595,2,"(1, 1)",13,8,6
3,0.5657447554563628,0.0023361924,2,"(1, 1)",13,12,2
43,0.40856524604964384,-0.021561665,2,"(1, 1)",13,12,6
3,0.4258886721917328,-0.0018652664,2,"(1, 1)",13,16,2
37,0.3866904683785013,-0.022798443,2,"(1, 1)",13,16,6
3,0.3208510217756943,0.0009587966,2,"(1, 1)",15,4,2
36,0.40415491776383106,-0.027206209,2,"(1, 1)",15,4,6
3,0.3949564816302322,-0.0038926592,2,"(1, 1)",15,8,2
30,0.391898364344402,-0.01810297,2,"(1, 1)",15,8,6
3,0.3870212868681903,0.0033121016,2,"(1, 1)",15,12,2
30,0.3856894644239647,-0.016785663,2,"(1, 1)",15,12,6
3,0.4395664773395112,-0.0022465715,2,"(1, 1)",15,16,2
32,0.41174792905665886,-0.022268096,2,"(1, 1)",15,16,6
36,0.39606836703931453,-0.025747243,2,"(1, 1)",18,4,2
5,0.3505094314820506,-0.012505559,2,"(1, 1)",18,4,6
3,0.4124645341059356,-0.0006416002,2,"(1, 1)",18,8,2
3,0.4171654724861173,-0.0049978457,2,"(1, 1)",18,8,6
3,0.4144312782846941,0.0046644188,2,"(1, 1)",18,12,2
23,0.40203645758173145,-0.020698257,2,"(1, 1)",18,12,6
3,0.4303878862866593,0.0006507652,2,"(1, 1)",18,16,2
24,0.41814812846483945,-0.019758193,2,"(1, 1)",18,16,6
4,0.45015541258847536,-0.0075052255,2,"(1, 1)",20,4,2
21,0.3974208035942099,-0.01963594,2,"(1, 1)",20,4,6
3,0.45548732581431234,-0.0025278472,2,"(1, 1)",20,8,2
26,0.3759600569227185,-0.02241772,2,"(1, 1)",20,8,6
3,0.40284343560938457,0.005421502,2,"(1, 1)",20,12,2
27,0.39261748195555757,-0.022873236,2,"(1, 1)",20,12,6
3,0.43454013535357294,0.0014379671,2,"(1, 1)",20,16,2
23,0.40447451446090255,-0.019495025,2,"(1, 1)",20,16,6
77,0.42295384582018103,-0.031978823,2,"(1, 2)",10,4,2
75,0.42962877365703844,-0.030030131,2,"(1, 2)",10,4,6
60,0.4276138718552857,-0.02140021,2,"(1, 2)",10,8,2
62,0.4551904100482618,-0.026586525,2,"(1, 2)",10,8,6
3,0.628010669337975,-0.008020465,2,"(1, 2)",10,12,2
53,0.43768206928772585,-0.020355737,2,"(1, 2)",10,12,6
62,0.4457060258201965,-0.032466356,2,"(1, 2)",10,16,2
49,0.4344020840762373,-0.026657764,2,"(1, 2)",10,16,6
57,0.41535789607490003,-0.027231777,2,"(1, 2)",13,4,2
47,0.43334005023706124,-0.02649306,2,"(1, 2)",13,4,6
2,0.4438696715633924,0.012935614,2,"(1, 2)",13,8,2
45,0.4361868761130311,-0.026830595,2,"(1, 2)",13,8,6
3,0.4366852588923778,0.0023361924,2,"(1, 2)",13,12,2
43,0.4330610558448151,-0.021561665,2,"(1, 2)",13,12,6
3,0.4284748018403888,-0.0018652664,2,"(1, 2)",13,16,2
37,0.4091715290152894,-0.022798443,2,"(1, 2)",13,16,6
3,0.3304723848928242,0.0009587966,2,"(1, 2)",15,4,2
36,0.43284158947665763,-0.027206209,2,"(1, 2)",15,4,6
3,0.45234048648765973,-0.0038926592,2,"(1, 2)",15,8,2
30,0.41412974676643677,-0.01810297,2,"(1, 2)",15,8,6
3,0.40136370406496885,0.0033121016,2,"(1, 2)",15,12,2
30,0.4054853842056739,-0.016785663,2,"(1, 2)",15,12,6
3,0.4395664773395112,-0.0022465715,2,"(1, 2)",15,16,2
32,0.43984273674620106,-0.022268096,2,"(1, 2)",15,16,6
36,0.44350991750736807,-0.025747243,2,"(1, 2)",18,4,2
5,0.3432716545995484,-0.012505559,2,"(1, 2)",18,4,6
3,0.4176360528666832,-0.0006416002,2,"(1, 2)",18,8,2
3,0.4689355299706124,-0.0049978457,2,"(1, 2)",18,8,6
3,0.39160588729273843,0.0046644188,2,"(1, 2)",18,12,2
23,0.420914409836214,-0.020698257,2,"(1, 2)",18,12,6
3,0.4303878862866594,0.0006507652,2,"(1, 2)",18,16,2
24,0.4197482012320626,-0.019758193,2,"(1, 2)",18,16,6
4,0.4408833633262452,-0.0075052255,2,"(1, 2)",20,4,2
21,0.4290558639339831,-0.01963594,2,"(1, 2)",20,4,6
3,0.44087684986120673,-0.0025278472,2,"(1, 2)",20,8,2
26,0.3939478363866287,-0.02241772,2,"(1, 2)",20,8,6
3,0.41079958242441467,0.005421502,2,"(1, 2)",20,12,2
27,0.4064416175330854,-0.022873236,2,"(1, 2)",20,12,6
3,0.43454013535357294,0.0014379671,2,"(1, 2)",20,16,2
23,0.42242692456787206,-0.019495025,2,"(1, 2)",20,16,6
72,0.39848965785620094,-0.023891244,3,"(1, 1)",10,4,2
71,0.38453641537619343,-0.02918679,3,"(1, 1)",10,4,6
63,0.38172138717796095,-0.02856546,3,"(1, 1)",10,8,2
60,0.41114506627150044,-0.030785087,3,"(1, 1)",10,8,6
65,0.3628559132008627,-0.03233548,3,"(1, 1)",10,12,2
46,0.4121538216618795,-0.024339896,3,"(1, 1)",10,12,6
59,0.3895121567999483,-0.03250882,3,"(1, 1)",10,16,2
49,0.42900721481682397,-0.027489062,3,"(1, 1)",10,16,6
59,0.3911841518697541,-0.03077636,3,"(1, 1)",13,4,2
50,0.3809651270088512,-0.02620767,3,"(1, 1)",13,4,6
49,0.35942848921638537,-0.025418751,3,"(1, 1)",13,8,2
38,0.3939823406703539,-0.022971176,3,"(1, 1)",13,8,6
49,0.37529489718960457,-0.02630116,3,"(1, 1)",13,12,2
36,0.42859255162568044,-0.021438368,3,"(1, 1)",13,12,6
3,0.4191112192606412,-0.00013266546,3,"(1, 1)",13,16,2
34,0.40696233454006797,-0.020073872,3,"(1, 1)",13,16,6
49,0.38946130147563657,-0.030724142,3,"(1, 1)",15,4,2
38,0.3709988858204718,-0.028405514,3,"(1, 1)",15,4,6
36,0.37393090421477193,-0.02311376,3,"(1, 1)",15,8,2
36,0.3971278039081645,-0.020984642,3,"(1, 1)",15,8,6
3,0.4845610006350243,-0.0028704794,3,"(1, 1)",15,12,2
31,0.4003475298254595,-0.021042721,3,"(1, 1)",15,12,6
3,0.414901350636467,0.0003423886,3,"(1, 1)",15,16,2
30,0.40811054936936403,-0.021601524,3,"(1, 1)",15,16,6
31,0.3934830118630014,-0.024445325,3,"(1, 1)",18,4,2
29,0.39059520918406515,-0.024617309,3,"(1, 1)",18,4,6
8,0.4482485621919724,-0.030309785,3,"(1, 1)",18,8,2
27,0.39798547963331976,-0.02437006,3,"(1, 1)",18,8,6
10,0.39689950284980974,-0.030120099,3,"(1, 1)",18,12,2
24,0.39334676104428506,-0.021280251,3,"(1, 1)",18,12,6
3,0.4336225481548135,0.0008728472,3,"(1, 1)",18,16,2
26,0.40533178083275573,-0.020737467,3,"(1, 1)",18,16,6
4,0.5292125698624405,-0.014566692,3,"(1, 1)",20,4,2
20,0.3917303434662355,-0.020247424,3,"(1, 1)",20,4,6
8,0.39676513614827214,-0.031290736,3,"(1, 1)",20,8,2
25,0.4155876402076071,-0.020424122,3,"(1, 1)",20,8,6
25,0.4141857938663637,-0.024553286,3,"(1, 1)",20,12,2
24,0.4160702882012212,-0.019708756,3,"(1, 1)",20,12,6
6,0.4909733724401025,-0.02922493,3,"(1, 1)",20,16,2
23,0.40186555943343266,-0.016626295,3,"(1, 1)",20,16,6
72,0.42439307134502546,-0.023891244,3,"(1, 2)",10,4,2
71,0.4257092723327437,-0.02918679,3,"(1, 2)",10,4,6
63,0.4166097907762707,-0.02856546,3,"(1, 2)",10,8,2
60,0.4349146111454036,-0.030785087,3,"(1, 2)",10,8,6
65,0.40595229525647114,-0.03233548,3,"(1, 2)",10,12,2
46,0.44905720079788186,-0.024339896,3,"(1, 2)",10,12,6
59,0.4254493086620421,-0.03250882,3,"(1, 2)",10,16,2
49,0.4803026341575076,-0.027489062,3,"(1, 2)",10,16,6
59,0.40672147388799856,-0.03077636,3,"(1, 2)",13,4,2
50,0.4121489141969404,-0.02620767,3,"(1, 2)",13,4,6
49,0.37745840547955684,-0.025418751,3,"(1, 2)",13,8,2
38,0.41064041287158265,-0.022971176,3,"(1, 2)",13,8,6
49,0.4103431748914702,-0.02630116,3,"(1, 2)",13,12,2
36,0.46147508837910955,-0.021438368,3,"(1, 2)",13,12,6
3,0.41687216946637307,-0.00013266546,3,"(1, 2)",13,16,2
34,0.43740571868921707,-0.020073872,3,"(1, 2)",13,16,6
49,0.423936683073637,-0.030724142,3,"(1, 2)",15,4,2
38,0.39902155662297645,-0.028405514,3,"(1, 2)",15,4,6
36,0.40327562596903044,-0.02311376,3,"(1, 2)",15,8,2
36,0.41106912152160563,-0.020984642,3,"(1, 2)",15,8,6
3,0.6129828977209163,-0.0028704794,3,"(1, 2)",15,12,2
31,0.4338278551087149,-0.021042721,3,"(1, 2)",15,12,6
3,0.41311844761466626,0.0003423886,3,"(1, 2)",15,16,2
30,0.4229412987344437,-0.021601524,3,"(1, 2)",15,16,6
31,0.42021154646585673,-0.024445325,3,"(1, 2)",18,4,2
29,0.40860037793770104,-0.024617309,3,"(1, 2)",18,4,6
8,0.49982945094739495,-0.030309785,3,"(1, 2)",18,8,2
27,0.4209318532763131,-0.02437006,3,"(1, 2)",18,8,6
10,0.4159851703380754,-0.030120099,3,"(1, 2)",18,12,2
24,0.40709622676826673,-0.021280251,3,"(1, 2)",18,12,6
3,0.4336225481548135,0.0008728472,3,"(1, 2)",18,16,2
26,0.4199529385327422,-0.020737467,3,"(1, 2)",18,16,6
4,0.49862097418798634,-0.014566692,3,"(1, 2)",20,4,2
20,0.3963642442520007,-0.020247424,3,"(1, 2)",20,4,6
8,0.4411770238420747,-0.031290736,3,"(1, 2)",20,8,2
25,0.4363322874845688,-0.020424122,3,"(1, 2)",20,8,6
25,0.42752657352818313,-0.024553286,3,"(1, 2)",20,12,2
24,0.4179567687951806,-0.019708756,3,"(1, 2)",20,12,6
6,0.4874447003962416,-0.02922493,3,"(1, 2)",20,16,2
23,0.4172712066414263,-0.016626295,3,"(1, 2)",20,16,6
3,0.5191522055161565,-0.011506165,4,"(1, 1)",10,4,2
70,0.38073176585560453,-0.031564318,4,"(1, 1)",10,4,6
62,0.3919535585411112,-0.03399236,4,"(1, 1)",10,8,2
55,0.4021176014365422,-0.022890752,4,"(1, 1)",10,8,6
58,0.40961181432197036,-0.024357237,4,"(1, 1)",10,12,2
49,0.40895868891909987,-0.023622993,4,"(1, 1)",10,12,6
62,0.39594458817090245,-0.032210656,4,"(1, 1)",10,16,2
40,0.40164856691561324,-0.018642005,4,"(1, 1)",10,16,6
43,0.42134787705917653,-0.030690992,4,"(1, 1)",13,4,2
41,0.3817905286464997,-0.033325955,4,"(1, 1)",13,4,6
40,0.40435615767803795,-0.022876227,4,"(1, 1)",13,8,2
36,0.42572065812077237,-0.014405173,4,"(1, 1)",13,8,6
46,0.4040021772819934,-0.022196932,4,"(1, 1)",13,12,2
37,0.42161297247879265,-0.01835403,4,"(1, 1)",13,12,6
11,0.4605579900760516,-0.035339028,4,"(1, 1)",13,16,2
37,0.4167035101387088,-0.021290256,4,"(1, 1)",13,16,6
3,0.41071457923120125,0.0002194912,4,"(1, 1)",15,4,2
36,0.387171535195045,-0.03172968,4,"(1, 1)",15,4,6
35,0.40714799585736755,-0.028171988,4,"(1, 1)",15,8,2
31,0.3948131254651379,-0.016757509,4,"(1, 1)",15,8,6
3,0.38164042516485625,0.0020352595,4,"(1, 1)",15,12,2
30,0.4002603489304917,-0.020046182,4,"(1, 1)",15,12,6
10,0.45016356541192176,-0.030548817,4,"(1, 1)",15,16,2
33,0.39780930550342786,-0.02597683,4,"(1, 1)",15,16,6
3,0.3643122439489901,-0.00097050733,4,"(1, 1)",18,4,2
21,0.39438405480072397,-0.022627378,4,"(1, 1)",18,4,6
30,0.4092929830749787,-0.02745456,4,"(1, 1)",18,8,2
25,0.4196375959103802,-0.0194604,4,"(1, 1)",18,8,6
3,0.4160733912257261,0.0028333226,4,"(1, 1)",18,12,2
25,0.4341235936280094,-0.019485373,4,"(1, 1)",18,12,6
30,0.40823856556371785,-0.02465861,4,"(1, 1)",18,16,2
29,0.3995687846738535,-0.020575535,4,"(1, 1)",18,16,6
3,0.36506638982823564,-0.004260279,4,"(1, 1)",20,4,2
22,0.40396302437181847,-0.021901965,4,"(1, 1)",20,4,6
4,0.39525639424332104,-0.0022271124,4,"(1, 1)",20,8,2
24,0.41545355375919524,-0.017834108,4,"(1, 1)",20,8,6
3,0.41510685625644506,0.0026965288,4,"(1, 1)",20,12,2
25,0.4101451610590325,-0.023458514,4,"(1, 1)",20,12,6
25,0.4243041391510859,-0.029158201,4,"(1, 1)",20,16,2
25,0.440865497235867,-0.017826114,4,"(1, 1)",20,16,6
3,0.6594201280351281,-0.011506165,4,"(1, 2)",10,4,2
70,0.432103573882504,-0.031564318,4,"(1, 2)",10,4,6
62,0.4271254375205092,-0.03399236,4,"(1, 2)",10,8,2
55,0.42610886532996706,-0.022890752,4,"(1, 2)",10,8,6
58,0.4431774783701408,-0.024357237,4,"(1, 2)",10,12,2
49,0.44248992709614754,-0.023622993,4,"(1, 2)",10,12,6
62,0.4080315918085676,-0.032210656,4,"(1, 2)",10,16,2
40,0.4308702731900801,-0.018642005,4,"(1, 2)",10,16,6
43,0.46833652651164115,-0.030690992,4,"(1, 2)",13,4,2
41,0.424281302356095,-0.033325955,4,"(1, 2)",13,4,6
40,0.43485402946388224,-0.022876227,4,"(1, 2)",13,8,2
36,0.4437890195318599,-0.014405173,4,"(1, 2)",13,8,6
46,0.42798299971222814,-0.022196932,4,"(1, 2)",13,12,2
37,0.43648205505647775,-0.01835403,4,"(1, 2)",13,12,6
11,0.46693281199210884,-0.035339028,4,"(1, 2)",13,16,2
37,0.4468302421086217,-0.021290256,4,"(1, 2)",13,16,6
3,0.47702331128933,0.0002194912,4,"(1, 2)",15,4,2
36,0.3923697885409618,-0.03172968,4,"(1, 2)",15,4,6
35,0.4255489361772709,-0.028171988,4,"(1, 2)",15,8,2
31,0.4047955893816755,-0.016757509,4,"(1, 2)",15,8,6
3,0.38164042516485625,0.0020352595,4,"(1, 2)",15,12,2
30,0.4198958866226356,-0.020046182,4,"(1, 2)",15,12,6
10,0.4939516323643998,-0.030548817,4,"(1, 2)",15,16,2
33,0.43044330820445087,-0.02597683,4,"(1, 2)",15,16,6
3,0.35595785531922824,-0.00097050733,4,"(1, 2)",18,4,2
21,0.39693994744991895,-0.022627378,4,"(1, 2)",18,4,6
30,0.4170563231977935,-0.02745456,4,"(1, 2)",18,8,2
25,0.4344614712689763,-0.0194604,4,"(1, 2)",18,8,6
3,0.4161450626529502,0.0028333226,4,"(1, 2)",18,12,2
25,0.4629205074917811,-0.019485373,4,"(1, 2)",18,12,6
30,0.4382007863788522,-0.02465861,4,"(1, 2)",18,16,2
29,0.4203234968439481,-0.020575535,4,"(1, 2)",18,16,6
3,0.3591039715717388,-0.004260279,4,"(1, 2)",20,4,2
22,0.4111744021662695,-0.021901965,4,"(1, 2)",20,4,6
4,0.38795997734500803,-0.0022271124,4,"(1, 2)",20,8,2
24,0.4226288984237683,-0.017834108,4,"(1, 2)",20,8,6
3,0.4137437986738284,0.0026965288,4,"(1, 2)",20,12,2
25,0.43353014429043313,-0.023458514,4,"(1, 2)",20,12,6
25,0.4453200204197055,-0.029158201,4,"(1, 2)",20,16,2
25,0.46035990188726544,-0.017826114,4,"(1, 2)",20,16,6
62,0.40909747152992304,-0.022345182,5,"(1, 1)",10,4,2
57,0.4029854933501978,-0.02616192,5,"(1, 1)",10,4,6
72,0.39337429251017636,-0.03408356,5,"(1, 1)",10,8,2
54,0.4135430360728834,-0.022877777,5,"(1, 1)",10,8,6
61,0.39856048911641373,-0.028953208,5,"(1, 1)",10,12,2
47,0.4219087715989442,-0.025793133,5,"(1, 1)",10,12,6
4,0.4344322974685406,-0.0020130733,5,"(1, 1)",10,16,2
45,0.41262666939547565,-0.025363673,5,"(1, 1)",10,16,6
5,0.393699252191914,-0.008382971,5,"(1, 1)",13,4,2
46,0.4255622419092148,-0.029568328,5,"(1, 1)",13,4,6
3,0.4150666473942362,0.002408731,5,"(1, 1)",13,8,2
42,0.4162329066602073,-0.024863366,5,"(1, 1)",13,8,6
3,0.404799268296292,0.0071220463,5,"(1, 1)",13,12,2
35,0.4030171082645017,-0.025422204,5,"(1, 1)",13,12,6
3,0.40667206122625504,0.007620507,5,"(1, 1)",13,16,2
37,0.40587903923738994,-0.024924204,5,"(1, 1)",13,16,6
5,0.3626762235712121,-0.008941881,5,"(1, 1)",15,4,2
3,0.35929491213705617,-0.0012023808,5,"(1, 1)",15,4,6
3,0.45149824477794515,0.001421572,5,"(1, 1)",15,8,2
33,0.4097590003144506,-0.025224369,5,"(1, 1)",15,8,6
3,0.4094443624727165,0.005593361,5,"(1, 1)",15,12,2
30,0.41696653075977264,-0.024707612,5,"(1, 1)",15,12,6
3,0.399987894108692,0.00635602,5,"(1, 1)",15,16,2
34,0.4097493524022923,-0.028468067,5,"(1, 1)",15,16,6
5,0.39530067040015043,-0.008002915,5,"(1, 1)",18,4,2
21,0.41000567514027797,-0.024071151,5,"(1, 1)",18,4,6
4,0.37086241202395687,-0.005751297,5,"(1, 1)",18,8,2
24,0.4315867537258689,-0.027602531,5,"(1, 1)",18,8,6
3,0.41663415248198127,0.0025028714,5,"(1, 1)",18,12,2
23,0.43933528253205767,-0.02128566,5,"(1, 1)",18,12,6
3,0.4418507910453499,0.0038639328,5,"(1, 1)",18,16,2
28,0.40119670585482464,-0.027499486,5,"(1, 1)",18,16,6
3,0.3944791314560874,0.003470464,5,"(1, 1)",20,4,2
18,0.40531827201218373,-0.02070208,5,"(1, 1)",20,4,6
4,0.413279025157436,-0.0055388603,5,"(1, 1)",20,8,2
18,0.4298863118172837,-0.019076733,5,"(1, 1)",20,8,6
3,0.4305325681420628,0.0015916905,5,"(1, 1)",20,12,2
22,0.42294587863037286,-0.019809816,5,"(1, 1)",20,12,6
3,0.45824154834351893,0.002576544,5,"(1, 1)",20,16,2
21,0.41802897971336733,-0.027867634,5,"(1, 1)",20,16,6
62,0.4409510503008082,-0.022345182,5,"(1, 2)",10,4,2
57,0.44350468823469213,-0.02616192,5,"(1, 2)",10,4,6
72,0.4268302410818204,-0.03408356,5,"(1, 2)",10,8,2
54,0.4398968340872174,-0.022877777,5,"(1, 2)",10,8,6
61,0.4118521721813181,-0.028953208,5,"(1, 2)",10,12,2
47,0.46163475872995774,-0.025793133,5,"(1, 2)",10,12,6
4,0.4569052931581889,-0.0020130733,5,"(1, 2)",10,16,2
45,0.4443875078280745,-0.025363673,5,"(1, 2)",10,16,6
5,0.3743353827045432,-0.008382971,5,"(1, 2)",13,4,2
46,0.44808659255145405,-0.029568328,5,"(1, 2)",13,4,6
3,0.3978823585078695,0.002408731,5,"(1, 2)",13,8,2
42,0.454777612286628,-0.024863366,5,"(1, 2)",13,8,6
3,0.404799268296292,0.0071220463,5,"(1, 2)",13,12,2
35,0.4224267007294202,-0.025422204,5,"(1, 2)",13,12,6
3,0.4502572240222747,0.007620507,5,"(1, 2)",13,16,2
37,0.4458313524490118,-0.024924204,5,"(1, 2)",13,16,6
5,0.3634212510530763,-0.008941881,5,"(1, 2)",15,4,2
3,0.41148412226738357,-0.0012023808,5,"(1, 2)",15,4,6
3,0.4216203405762517,0.001421572,5,"(1, 2)",15,8,2
33,0.44555953217588407,-0.025224369,5,"(1, 2)",15,8,6
3,0.4094443624727165,0.005593361,5,"(1, 2)",15,12,2
30,0.4348872866598624,-0.024707612,5,"(1, 2)",15,12,6
3,0.3653229658872798,0.00635602,5,"(1, 2)",15,16,2
34,0.43361514738150586,-0.028468067,5,"(1, 2)",15,16,6
5,0.3793900883891426,-0.008002915,5,"(1, 2)",18,4,2
21,0.42994540049823576,-0.024071151,5,"(1, 2)",18,4,6
4,0.3722913557002683,-0.005751297,5,"(1, 2)",18,8,2
24,0.43437504433185997,-0.027602531,5,"(1, 2)",18,8,6
3,0.4166341524819812,0.0025028714,5,"(1, 2)",18,12,2
23,0.4505914267019832,-0.02128566,5,"(1, 2)",18,12,6
3,0.46735444852874514,0.0038639328,5,"(1, 2)",18,16,2
28,0.440403706814018,-0.027499486,5,"(1, 2)",18,16,6
3,0.3944791314560873,0.003470464,5,"(1, 2)",20,4,2
18,0.4074216368929411,-0.02070208,5,"(1, 2)",20,4,6
4,0.39462413963119924,-0.0055388603,5,"(1, 2)",20,8,2
18,0.4465091074057065,-0.019076733,5,"(1, 2)",20,8,6
3,0.4305325681420628,0.0015916905,5,"(1, 2)",20,12,2
22,0.432582761605102,-0.019809816,5,"(1, 2)",20,12,6
3,0.46792136953707403,0.002576544,5,"(1, 2)",20,16,2
21,0.4214594685461987,-0.027867634,5,"(1, 2)",20,16,6
66,0.40083129629235537,-0.029871827,6,"(1, 1)",10,4,2
68,0.4168985166855742,-0.030654075,6,"(1, 1)",10,4,6
51,0.40049863662886764,-0.025171526,6,"(1, 1)",10,8,2
44,0.4185424407639003,-0.016789764,6,"(1, 1)",10,8,6
51,0.3996990461035579,-0.019607212,6,"(1, 1)",10,12,2
48,0.42474509525622445,-0.026047066,6,"(1, 1)",10,12,6
62,0.3870047623706587,-0.028121961,6,"(1, 1)",10,16,2
43,0.42338263108824153,-0.025310768,6,"(1, 1)",10,16,6
48,0.4131763245410988,-0.03202783,6,"(1, 1)",13,4,2
3,0.3537887150188439,-0.003339206,6,"(1, 1)",13,4,6
40,0.43284778073586383,-0.026381908,6,"(1, 1)",13,8,2
33,0.4024370624276756,-0.023086624,6,"(1, 1)",13,8,6
3,0.3756741656835943,0.008945587,6,"(1, 1)",13,12,2
35,0.4214197277253453,-0.022377374,6,"(1, 1)",13,12,6
4,0.5249237837640489,-0.009200859,6,"(1, 1)",13,16,2
34,0.42693871657943266,-0.02350231,6,"(1, 1)",13,16,6
7,0.3941396472769946,-0.011974488,6,"(1, 1)",15,4,2
4,0.3671008366268632,-0.0066998107,6,"(1, 1)",15,4,6
34,0.4115316711552593,-0.024884816,6,"(1, 1)",15,8,2
25,0.36700725546719837,-0.019144643,6,"(1, 1)",15,8,6
3,0.3756741656835943,0.009082266,6,"(1, 1)",15,12,2
31,0.41997210584163924,-0.021206873,6,"(1, 1)",15,12,6
29,0.43619218900669565,-0.021930518,6,"(1, 1)",15,16,2
29,0.40674588855495086,-0.027219635,6,"(1, 1)",15,16,6
6,0.36949246622409215,-0.008281427,6,"(1, 1)",18,4,2
22,0.4109034120731084,-0.023325803,6,"(1, 1)",18,4,6
3,0.41317239414923534,0.0044282675,6,"(1, 1)",18,8,2
19,0.3941068058763372,-0.014600897,6,"(1, 1)",18,8,6
3,0.38764018893476676,0.0071069943,6,"(1, 1)",18,12,2
24,0.4222362939390392,-0.021694137,6,"(1, 1)",18,12,6
3,0.4045602237288428,0.0054871254,6,"(1, 1)",18,16,2
22,0.42356764755744697,-0.018586574,6,"(1, 1)",18,16,6
4,0.4211847069913953,-0.0031511914,6,"(1, 1)",20,4,2
19,0.416050839048109,-0.024344819,6,"(1, 1)",20,4,6
3,0.43904868935015245,0.0037997614,6,"(1, 1)",20,8,2
19,0.39883985442802655,-0.016124712,6,"(1, 1)",20,8,6
3,0.4345794466238084,0.007556365,6,"(1, 1)",20,12,2
21,0.41699485512184364,-0.02472013,6,"(1, 1)",20,12,6
3,0.47520124669075137,0.0054781847,6,"(1, 1)",20,16,2
20,0.40651919516243173,-0.02428005,6,"(1, 1)",20,16,6
66,0.42898848624637953,-0.029871827,6,"(1, 2)",10,4,2
68,0.45082328455747567,-0.030654075,6,"(1, 2)",10,4,6
51,0.43713193931757444,-0.025171526,6,"(1, 2)",10,8,2
44,0.4413088169337808,-0.016789764,6,"(1, 2)",10,8,6
51,0.4271816884895619,-0.019607212,6,"(1, 2)",10,12,2
48,0.4737866663862827,-0.026047066,6,"(1, 2)",10,12,6
62,0.4178575947534203,-0.028121961,6,"(1, 2)",10,16,2
43,0.47522280116844057,-0.025310768,6,"(1, 2)",10,16,6
48,0.45562325226885897,-0.03202783,6,"(1, 2)",13,4,2
3,0.3736003589424368,-0.003339206,6,"(1, 2)",13,4,6
40,0.46391063142131994,-0.026381908,6,"(1, 2)",13,8,2
33,0.436106947938101,-0.023086624,6,"(1, 2)",13,8,6
3,0.3975095859292664,0.008945587,6,"(1, 2)",13,12,2
35,0.46693519433906244,-0.022377374,6,"(1, 2)",13,12,6
4,0.5477886767127982,-0.009200859,6,"(1, 2)",13,16,2
34,0.45663648732641976,-0.02350231,6,"(1, 2)",13,16,6
7,0.39335378161846635,-0.011974488,6,"(1, 2)",15,4,2
4,0.4016692739470833,-0.0066998107,6,"(1, 2)",15,4,6
34,0.45119789356111994,-0.024884816,6,"(1, 2)",15,8,2
25,0.391320002311268,-0.019144643,6,"(1, 2)",15,8,6
3,0.3975095859292664,0.009082266,6,"(1, 2)",15,12,2
31,0.4442936205533152,-0.021206873,6,"(1, 2)",15,12,6
29,0.4722200758992918,-0.021930518,6,"(1, 2)",15,16,2
29,0.43751215909241287,-0.027219635,6,"(1, 2)",15,16,6
6,0.3532195300228315,-0.008281427,6,"(1, 2)",18,4,2
22,0.4359874918559202,-0.023325803,6,"(1, 2)",18,4,6
3,0.38683035259295556,0.0044282675,6,"(1, 2)",18,8,2
19,0.42679188751668345,-0.014600897,6,"(1, 2)",18,8,6
3,0.387295298882858,0.0071069943,6,"(1, 2)",18,12,2
24,0.44095009080037634,-0.021694137,6,"(1, 2)",18,12,6
3,0.4008905590326639,0.0054871254,6,"(1, 2)",18,16,2
22,0.4400693633653154,-0.018586574,6,"(1, 2)",18,16,6
4,0.42522295065773397,-0.0031511914,6,"(1, 2)",20,4,2
19,0.44341550373451355,-0.024344819,6,"(1, 2)",20,4,6
3,0.44076687208374815,0.0037997614,6,"(1, 2)",20,8,2
19,0.40124389961740237,-0.016124712,6,"(1, 2)",20,8,6
3,0.40061845272154484,0.007556365,6,"(1, 2)",20,12,2
21,0.429534341852166,-0.02472013,6,"(1, 2)",20,12,6
3,0.47520124669075137,0.0054781847,6,"(1, 2)",20,16,2
20,0.4347657378186421,-0.02428005,6,"(1, 2)",20,16,6
3,0.6365664538967218,-0.0026724753,7,"(1, 1)",10,4,2
56,0.39499741144426864,-0.025857603,7,"(1, 1)",10,4,6
49,0.40807025503180533,-0.023673594,7,"(1, 1)",10,8,2
44,0.4311985377524355,-0.023205431,7,"(1, 1)",10,8,6
3,0.3858264650098044,0.00900307,7,"(1, 1)",10,12,2
44,0.41233338096760247,-0.028285163,7,"(1, 1)",10,12,6
3,0.568812292267812,-0.010825791,7,"(1, 1)",10,16,2
42,0.408188531521959,-0.024103759,7,"(1, 1)",10,16,6
3,0.6365664538967217,-0.0017799692,7,"(1, 1)",13,4,2
37,0.4223231148646859,-0.024696033,7,"(1, 1)",13,4,6
37,0.39904291888525056,-0.025696011,7,"(1, 1)",13,8,2
35,0.42139365332299794,-0.020496897,7,"(1, 1)",13,8,6
3,0.374313829281375,0.004458954,7,"(1, 1)",13,12,2
30,0.4198194044765221,-0.023128945,7,"(1, 1)",13,12,6
3,0.3084298786434824,0.0045316746,7,"(1, 1)",13,16,2
27,0.4271343701417607,-0.025217248,7,"(1, 1)",13,16,6
39,0.3869023189234738,-0.03139948,7,"(1, 1)",15,4,2
26,0.42411782789892516,-0.030537013,7,"(1, 1)",15,4,6
33,0.39195048422274464,-0.02627122,7,"(1, 1)",15,8,2
28,0.42554750280319326,-0.02037779,7,"(1, 1)",15,8,6
3,0.35870455719225985,0.008405892,7,"(1, 1)",15,12,2
28,0.4340879936644254,-0.0267936,7,"(1, 1)",15,12,6
3,0.3302365605891504,0.00924732,7,"(1, 1)",15,16,2
25,0.42449110551706054,-0.025701081,7,"(1, 1)",15,16,6
5,0.3806434116912641,-0.004324577,7,"(1, 1)",18,4,2
20,0.47086880698160166,-0.02708638,7,"(1, 1)",18,4,6
3,0.3965331261098933,0.003772379,7,"(1, 1)",18,8,2
23,0.43081935215948064,-0.022168957,7,"(1, 1)",18,8,6
3,0.3683008516118476,0.008333959,7,"(1, 1)",18,12,2
22,0.44122903111976286,-0.022914259,7,"(1, 1)",18,12,6
3,0.3652740576584181,0.006420635,7,"(1, 1)",18,16,2
20,0.4305678885754783,-0.019463353,7,"(1, 1)",18,16,6
4,0.3664219771313819,-0.0010802925,7,"(1, 1)",20,4,2
20,0.46705531988853116,-0.02420005,7,"(1, 1)",20,4,6
3,0.3686473337953741,0.0031047333,7,"(1, 1)",20,8,2
20,0.45581648192499635,-0.021360336,7,"(1, 1)",20,8,6
3,0.3702099723721413,0.0063984566,7,"(1, 1)",20,12,2
18,0.448503494271073,-0.018875957,7,"(1, 1)",20,12,6
3,0.3830860106816347,0.0053886934,7,"(1, 1)",20,16,2
19,0.43863384535988115,-0.019644586,7,"(1, 1)",20,16,6
3,0.7185861605027988,-0.0026724753,7,"(1, 2)",10,4,2
56,0.41806133933334205,-0.025857603,7,"(1, 2)",10,4,6
49,0.4426808583038285,-0.023673594,7,"(1, 2)",10,8,2
44,0.4799040798132076,-0.023205431,7,"(1, 2)",10,8,6
3,0.28709940006173257,0.00900307,7,"(1, 2)",10,12,2
44,0.4638966119369968,-0.028285163,7,"(1, 2)",10,12,6
3,0.6076882755760008,-0.010825791,7,"(1, 2)",10,16,2
42,0.4420561112960062,-0.024103759,7,"(1, 2)",10,16,6
3,0.7185861605027988,-0.0017799692,7,"(1, 2)",13,4,2
37,0.44348583451880774,-0.024696033,7,"(1, 2)",13,4,6
37,0.42993216877969587,-0.025696011,7,"(1, 2)",13,8,2
35,0.4578211576373696,-0.020496897,7,"(1, 2)",13,8,6
3,0.5236030049551099,0.004458954,7,"(1, 2)",13,12,2
30,0.4513689179785185,-0.023128945,7,"(1, 2)",13,12,6
3,0.3240236899164753,0.0045316746,7,"(1, 2)",13,16,2
27,0.4588273807117183,-0.025217248,7,"(1, 2)",13,16,6
39,0.42706097100329543,-0.03139948,7,"(1, 2)",15,4,2
26,0.4427923526318899,-0.030537013,7,"(1, 2)",15,4,6
33,0.4166068825059507,-0.02627122,7,"(1, 2)",15,8,2
28,0.454424239048781,-0.02037779,7,"(1, 2)",15,8,6
3,0.38659513669218354,0.008405892,7,"(1, 2)",15,12,2
28,0.46907289247407535,-0.0267936,7,"(1, 2)",15,12,6
3,0.30598328201392677,0.00924732,7,"(1, 2)",15,16,2
25,0.45792546222493086,-0.025701081,7,"(1, 2)",15,16,6
5,0.35611973848943335,-0.004324577,7,"(1, 2)",18,4,2
20,0.48539848652856854,-0.02708638,7,"(1, 2)",18,4,6
3,0.4133407734027685,0.003772379,7,"(1, 2)",18,8,2
23,0.4547651712737745,-0.022168957,7,"(1, 2)",18,8,6
3,0.3961914311117713,0.008333959,7,"(1, 2)",18,12,2
22,0.48661795369097427,-0.022914259,7,"(1, 2)",18,12,6
3,0.34274257348101317,0.006420635,7,"(1, 2)",18,16,2
20,0.4652251760061278,-0.019463353,7,"(1, 2)",18,16,6
4,0.3500713833322491,-0.0010802925,7,"(1, 2)",20,4,2
20,0.4866491616518725,-0.02420005,7,"(1, 2)",20,4,6
3,0.3778875997536466,0.0031047333,7,"(1, 2)",20,8,2
20,0.47006270311325427,-0.021360336,7,"(1, 2)",20,8,6
3,0.398100551872065,0.0063984566,7,"(1, 2)",20,12,2
18,0.46784122220326185,-0.018875957,7,"(1, 2)",20,12,6
3,0.40640409308538605,0.0053886934,7,"(1, 2)",20,16,2
19,0.43696077872449407,-0.019644586,7,"(1, 2)",20,16,6
53,0.39839232290504906,-0.021628179,8,"(1, 1)",10,4,2
52,0.4162212762414601,-0.026773188,8,"(1, 1)",10,4,6
47,0.39032733591591656,-0.02280358,8,"(1, 1)",10,8,2
39,0.44798210559054197,-0.0194774,8,"(1, 1)",10,8,6
44,0.4014763926157583,-0.021834152,8,"(1, 1)",10,12,2
42,0.43421909579550594,-0.02190455,8,"(1, 1)",10,12,6
45,0.38549942052715347,-0.02119475,8,"(1, 1)",10,16,2
35,0.4090657370724321,-0.02234122,8,"(1, 1)",10,16,6
43,0.38760104938917056,-0.028620293,8,"(1, 1)",13,4,2
33,0.4384627893375799,-0.019611636,8,"(1, 1)",13,4,6
6,0.35288301090155055,-0.0071496866,8,"(1, 1)",13,8,2
30,0.45023134882464527,-0.020396197,8,"(1, 1)",13,8,6
33,0.404513158155309,-0.024232564,8,"(1, 1)",13,12,2
33,0.40990678639716155,-0.029201131,8,"(1, 1)",13,12,6
34,0.4328558965895784,-0.024218312,8,"(1, 1)",13,16,2
27,0.424576073794201,-0.021127611,8,"(1, 1)",13,16,6
33,0.37656141816433697,-0.0305328,8,"(1, 1)",15,4,2
26,0.4498836434322627,-0.022686787,8,"(1, 1)",15,4,6
24,0.410132649868526,-0.016650898,8,"(1, 1)",15,8,2
27,0.44290827481715206,-0.024459638,8,"(1, 1)",15,8,6
29,0.3998352877411189,-0.026313802,8,"(1, 1)",15,12,2
23,0.44500564670736475,-0.020598272,8,"(1, 1)",15,12,6
28,0.41887174952938544,-0.025911454,8,"(1, 1)",15,16,2
24,0.4266453638142802,-0.020188939,8,"(1, 1)",15,16,6
5,0.3972377954477386,-0.014697857,8,"(1, 1)",18,4,2
21,0.4581897726134845,-0.02193669,8,"(1, 1)",18,4,6
3,0.3877685841777531,0.0010823347,8,"(1, 1)",18,8,2
19,0.4621993348214744,-0.023062358,8,"(1, 1)",18,8,6
4,0.4144419952115731,-0.0019267319,8,"(1, 1)",18,12,2
19,0.4383560880024173,-0.017533097,8,"(1, 1)",18,12,6
26,0.44746132916200626,-0.026183687,8,"(1, 1)",18,16,2
19,0.43644214628221545,-0.021501325,8,"(1, 1)",18,16,6
4,0.42641289643112573,-0.009868579,8,"(1, 1)",20,4,2
21,0.45189831306027745,-0.022345036,8,"(1, 1)",20,4,6
4,0.538070331164678,-0.0148064615,8,"(1, 1)",20,8,2
11,0.4136237949311888,-0.014205074,8,"(1, 1)",20,8,6
4,0.3707702678418206,-0.0018104583,8,"(1, 1)",20,12,2
18,0.4298785737805746,-0.014894411,8,"(1, 1)",20,12,6
3,0.4781486578744234,0.0013954097,8,"(1, 1)",20,16,2
17,0.43440383549950756,-0.01911278,8,"(1, 1)",20,16,6
53,0.43551246192723403,-0.021628179,8,"(1, 2)",10,4,2
52,0.4666350422489287,-0.026773188,8,"(1, 2)",10,4,6
47,0.43010393511340234,-0.02280358,8,"(1, 2)",10,8,2
39,0.4850245890243978,-0.0194774,8,"(1, 2)",10,8,6
44,0.4267260409315499,-0.021834152,8,"(1, 2)",10,12,2
42,0.48704036678178914,-0.02190455,8,"(1, 2)",10,12,6
45,0.43717191980393316,-0.02119475,8,"(1, 2)",10,16,2
35,0.4388967666084088,-0.02234122,8,"(1, 2)",10,16,6
43,0.4292992302160328,-0.028620293,8,"(1, 2)",13,4,2
33,0.48131996628521684,-0.019611636,8,"(1, 2)",13,4,6
6,0.37702062225995864,-0.0071496866,8,"(1, 2)",13,8,2
30,0.4663603039197632,-0.020396197,8,"(1, 2)",13,8,6
33,0.40344429533002635,-0.024232564,8,"(1, 2)",13,12,2
33,0.44818787486418005,-0.029201131,8,"(1, 2)",13,12,6
34,0.4563331223540368,-0.024218312,8,"(1, 2)",13,16,2
27,0.4485750585231316,-0.021127611,8,"(1, 2)",13,16,6
33,0.40794918678639225,-0.0305328,8,"(1, 2)",15,4,2
26,0.49715212071692455,-0.022686787,8,"(1, 2)",15,4,6
24,0.4145261510930949,-0.016650898,8,"(1, 2)",15,8,2
27,0.47707544222937953,-0.024459638,8,"(1, 2)",15,8,6
29,0.42309867568829945,-0.026313802,8,"(1, 2)",15,12,2
23,0.47100952818159414,-0.020598272,8,"(1, 2)",15,12,6
28,0.45795259368002883,-0.025911454,8,"(1, 2)",15,16,2
24,0.4387724713910644,-0.020188939,8,"(1, 2)",15,16,6
5,0.43590976664061376,-0.014697857,8,"(1, 2)",18,4,2
21,0.502682347249566,-0.02193669,8,"(1, 2)",18,4,6
3,0.35070014988464493,0.0010823347,8,"(1, 2)",18,8,2
19,0.46198207706405736,-0.023062358,8,"(1, 2)",18,8,6
4,0.39286974629104754,-0.0019267319,8,"(1, 2)",18,12,2
19,0.4542548430167656,-0.017533097,8,"(1, 2)",18,12,6
26,0.46800914055794796,-0.026183687,8,"(1, 2)",18,16,2
19,0.4477653031507794,-0.021501325,8,"(1, 2)",18,16,6
4,0.457511542387823,-0.009868579,8,"(1, 2)",20,4,2
21,0.49268361900931523,-0.022345036,8,"(1, 2)",20,4,6
4,0.5235842742361779,-0.0148064615,8,"(1, 2)",20,8,2
11,0.42608508291052716,-0.014205074,8,"(1, 2)",20,8,6
4,0.34623329612143106,-0.0018104583,8,"(1, 2)",20,12,2
18,0.45285974681758706,-0.014894411,8,"(1, 2)",20,12,6
3,0.44122148659082977,0.0013954097,8,"(1, 2)",20,16,2
17,0.44726398551668906,-0.01911278,8,"(1, 2)",20,16,6
3,0.3295517526016818,-0.0021556672,9,"(1, 1)",10,4,2
44,0.39505813770512677,-0.018784786,9,"(1, 1)",10,4,6
3,0.3641711042848599,0.002968362,9,"(1, 1)",10,8,2
3,0.38661029087844817,-0.008600714,9,"(1, 1)",10,8,6
3,0.5931549886786642,-0.014218536,9,"(1, 1)",10,12,2
31,0.43538569932920407,-0.014469087,9,"(1, 1)",10,12,6
3,0.5562329980403846,0.0015880081,9,"(1, 1)",10,16,2
3,0.3912952999329559,-0.0038457683,9,"(1, 1)",10,16,6
3,0.3295517526016818,-0.00082769693,9,"(1, 1)",13,4,2
28,0.41724628360730914,-0.014989943,9,"(1, 1)",13,4,6
3,0.41503253043983274,0.0011032044,9,"(1, 1)",13,8,2
3,0.3797683631021311,-0.004142477,9,"(1, 1)",13,8,6
3,0.5931549886786642,-0.014218536,9,"(1, 1)",13,12,2
26,0.43168797669515335,-0.019685986,9,"(1, 1)",13,12,6
2,0.39341595486724784,0.016254306,9,"(1, 1)",13,16,2
23,0.4520550450155937,-0.02187623,9,"(1, 1)",13,16,6
3,0.36898082344185945,-0.0008660979,9,"(1, 1)",15,4,2
21,0.42045188592881155,-0.011933359,9,"(1, 1)",15,4,6
3,0.4099578958658407,0.0007020313,9,"(1, 1)",15,8,2
3,0.37182057227794396,-0.0018624982,9,"(1, 1)",15,8,6
3,0.35596731751871064,0.002244698,9,"(1, 1)",15,12,2
21,0.41787635644117427,-0.023068203,9,"(1, 1)",15,12,6
3,0.4175327516375584,-0.0012325454,9,"(1, 1)",15,16,2
3,0.3455965638820267,-0.0025290665,9,"(1, 1)",15,16,6
3,0.343456488794385,0.0039977045,9,"(1, 1)",18,4,2
18,0.4432603635706052,-0.016358528,9,"(1, 1)",18,4,6
3,0.44619226828702746,0.002662051,9,"(1, 1)",18,8,2
3,0.4058681335672952,-0.0005956428,9,"(1, 1)",18,8,6
3,0.3491954689188117,0.006030486,9,"(1, 1)",18,12,2
16,0.38625790034987983,-0.016684586,9,"(1, 1)",18,12,6
3,0.3400306666488733,0.007133089,9,"(1, 1)",18,16,2
19,0.4349136378819225,-0.023178745,9,"(1, 1)",18,16,6
3,0.34454663479012754,0.00037008405,9,"(1, 1)",20,4,2
16,0.4587396571163052,-0.014601504,9,"(1, 1)",20,4,6
3,0.42786166085227,0.0056013567,9,"(1, 1)",20,8,2
3,0.40772798134406774,0.00056854595,9,"(1, 1)",20,8,6
3,0.3767566306097745,0.0071719997,9,"(1, 1)",20,12,2
15,0.3901287119525794,-0.015996864,9,"(1, 1)",20,12,6
3,0.377006327175448,0.007421872,9,"(1, 1)",20,16,2
16,0.40504403274685896,-0.021084998,9,"(1, 1)",20,16,6
3,0.3175669084080883,-0.0021556672,9,"(1, 2)",10,4,2
44,0.43342912632086733,-0.018784786,9,"(1, 2)",10,4,6
3,0.33536915919501203,0.002968362,9,"(1, 2)",10,8,2
3,0.38046926597248915,-0.008600714,9,"(1, 2)",10,8,6
3,0.6227684832692505,-0.014218536,9,"(1, 2)",10,12,2
31,0.4689074830843912,-0.014469087,9,"(1, 2)",10,12,6
3,0.5856071901603673,0.0015880081,9,"(1, 2)",10,16,2
3,0.3533480758440109,-0.0038457683,9,"(1, 2)",10,16,6
3,0.3175669084080883,-0.00082769693,9,"(1, 2)",13,4,2
28,0.4538675652357754,-0.014989943,9,"(1, 2)",13,4,6
3,0.4237727740702824,0.0011032044,9,"(1, 2)",13,8,2
3,0.36976491668433314,-0.004142477,9,"(1, 2)",13,8,6
3,0.6227684832692505,-0.014218536,9,"(1, 2)",13,12,2
26,0.45699431438336663,-0.019685986,9,"(1, 2)",13,12,6
2,0.3715678703636457,0.016254306,9,"(1, 2)",13,16,2
23,0.479413977538983,-0.02187623,9,"(1, 2)",13,16,6
3,0.3572670112355128,-0.0008660979,9,"(1, 2)",15,4,2
21,0.4587894281528574,-0.011933359,9,"(1, 2)",15,4,6
3,0.3615677887447151,0.0007020313,9,"(1, 2)",15,8,2
3,0.3607011195228025,-0.0018624982,9,"(1, 2)",15,8,6
3,0.31710244518306197,0.002244698,9,"(1, 2)",15,12,2
21,0.45083087297946944,-0.023068203,9,"(1, 2)",15,12,6
3,0.4543158722293296,-0.0012325454,9,"(1, 2)",15,16,2
3,0.33289301150443357,-0.0025290665,9,"(1, 2)",15,16,6
3,0.34564867511366465,0.0039977045,9,"(1, 2)",18,4,2
18,0.4558487796240447,-0.016358528,9,"(1, 2)",18,4,6
3,0.37010210758735235,0.002662051,9,"(1, 2)",18,8,2
3,0.39586468714949735,-0.0005956428,9,"(1, 2)",18,8,6
3,0.3293407642833141,0.006030486,9,"(1, 2)",18,12,2
16,0.4055595670007276,-0.016684586,9,"(1, 2)",18,12,6
3,0.3680199763751761,0.007133089,9,"(1, 2)",18,16,2
19,0.44684059154219674,-0.023178745,9,"(1, 2)",18,16,6
3,0.3506814467895994,0.00037008405,9,"(1, 2)",20,4,2
16,0.4810099283759633,-0.014601504,9,"(1, 2)",20,4,6
3,0.37020404465354195,0.0056013567,9,"(1, 2)",20,8,2
3,0.39772453492626986,0.00056854595,9,"(1, 2)",20,8,6
3,0.40474594033607714,0.0071719997,9,"(1, 2)",20,12,2
15,0.3982563034417853,-0.015996864,9,"(1, 2)",20,12,6
3,0.3571516225399504,0.007421872,9,"(1, 2)",20,16,2
16,0.41858024399012805,-0.021084998,9,"(1, 2)",20,16,6
